-- phpMyAdmin SQL Dump
-- version 5.1.3
-- https://www.phpmyadmin.net/
--
-- Host: 127.0.0.1
-- Generation Time: 17 يونيو 2023 الساعة 19:52
-- إصدار الخادم: 10.4.24-MariaDB
-- PHP Version: 7.4.29

SET SQL_MODE = "NO_AUTO_VALUE_ON_ZERO";
START TRANSACTION;
SET time_zone = "+00:00";


/*!40101 SET @OLD_CHARACTER_SET_CLIENT=@@CHARACTER_SET_CLIENT */;
/*!40101 SET @OLD_CHARACTER_SET_RESULTS=@@CHARACTER_SET_RESULTS */;
/*!40101 SET @OLD_COLLATION_CONNECTION=@@COLLATION_CONNECTION */;
/*!40101 SET NAMES utf8mb4 */;

--
-- Database: `homestead`
--

-- --------------------------------------------------------

--
-- بنية الجدول `blood_groups`
--

CREATE TABLE `blood_groups` (
  `id` int(10) UNSIGNED NOT NULL,
  `name` varchar(255) COLLATE utf8mb4_unicode_ci NOT NULL,
  `created_at` timestamp NULL DEFAULT NULL,
  `updated_at` timestamp NULL DEFAULT NULL
) ENGINE=InnoDB DEFAULT CHARSET=utf8mb4 COLLATE=utf8mb4_unicode_ci;

--
-- إرجاع أو استيراد بيانات الجدول `blood_groups`
--

INSERT INTO `blood_groups` (`id`, `name`, `created_at`, `updated_at`) VALUES
(1, 'O-', '2023-05-20 12:03:02', '2023-05-20 12:03:02'),
(2, 'O+', '2023-05-20 12:03:02', '2023-05-20 12:03:02'),
(3, 'A+', '2023-05-20 12:03:02', '2023-05-20 12:03:02'),
(4, 'A-', '2023-05-20 12:03:02', '2023-05-20 12:03:02'),
(5, 'B+', '2023-05-20 12:03:02', '2023-05-20 12:03:02'),
(6, 'B-', '2023-05-20 12:03:02', '2023-05-20 12:03:02'),
(7, 'AB+', '2023-05-20 12:03:02', '2023-05-20 12:03:02'),
(8, 'AB-', '2023-05-20 12:03:02', '2023-05-20 12:03:02');

-- --------------------------------------------------------

--
-- بنية الجدول `books`
--

CREATE TABLE `books` (
  `id` int(10) UNSIGNED NOT NULL,
  `name` varchar(100) COLLATE utf8mb4_unicode_ci NOT NULL,
  `my_class_id` int(10) UNSIGNED DEFAULT NULL,
  `description` varchar(255) COLLATE utf8mb4_unicode_ci DEFAULT NULL,
  `author` varchar(255) COLLATE utf8mb4_unicode_ci DEFAULT NULL,
  `book_type` varchar(255) COLLATE utf8mb4_unicode_ci DEFAULT NULL,
  `url` varchar(255) COLLATE utf8mb4_unicode_ci DEFAULT NULL,
  `location` varchar(255) COLLATE utf8mb4_unicode_ci DEFAULT NULL,
  `total_copies` int(11) DEFAULT NULL,
  `issued_copies` int(11) DEFAULT NULL,
  `created_at` timestamp NULL DEFAULT NULL,
  `updated_at` timestamp NULL DEFAULT NULL
) ENGINE=InnoDB DEFAULT CHARSET=utf8mb4 COLLATE=utf8mb4_unicode_ci;

-- --------------------------------------------------------

--
-- بنية الجدول `book_requests`
--

CREATE TABLE `book_requests` (
  `id` int(10) UNSIGNED NOT NULL,
  `book_id` int(10) UNSIGNED NOT NULL,
  `user_id` int(10) UNSIGNED NOT NULL,
  `start_date` varchar(255) COLLATE utf8mb4_unicode_ci NOT NULL,
  `end_date` varchar(255) COLLATE utf8mb4_unicode_ci NOT NULL,
  `returned` varchar(255) COLLATE utf8mb4_unicode_ci NOT NULL DEFAULT '0',
  `status` varchar(255) COLLATE utf8mb4_unicode_ci DEFAULT NULL,
  `created_at` timestamp NULL DEFAULT NULL,
  `updated_at` timestamp NULL DEFAULT NULL
) ENGINE=InnoDB DEFAULT CHARSET=utf8mb4 COLLATE=utf8mb4_unicode_ci;

-- --------------------------------------------------------

--
-- بنية الجدول `class_types`
--

CREATE TABLE `class_types` (
  `id` int(10) UNSIGNED NOT NULL,
  `name` varchar(255) COLLATE utf8mb4_unicode_ci NOT NULL,
  `code` varchar(255) COLLATE utf8mb4_unicode_ci NOT NULL,
  `created_at` timestamp NULL DEFAULT NULL,
  `updated_at` timestamp NULL DEFAULT NULL
) ENGINE=InnoDB DEFAULT CHARSET=utf8mb4 COLLATE=utf8mb4_unicode_ci;

--
-- إرجاع أو استيراد بيانات الجدول `class_types`
--

INSERT INTO `class_types` (`id`, `name`, `code`, `created_at`, `updated_at`) VALUES
(1, 'Creche', 'C', NULL, NULL),
(2, 'Pre Nursery', 'PN', NULL, NULL),
(3, 'Nursery', 'N', NULL, NULL),
(4, 'Primary', 'P', NULL, NULL),
(5, 'Junior Secondary', 'J', NULL, NULL),
(6, 'Senior Secondary', 'S', NULL, NULL);

-- --------------------------------------------------------

--
-- بنية الجدول `dorms`
--

CREATE TABLE `dorms` (
  `id` int(10) UNSIGNED NOT NULL,
  `name` varchar(100) COLLATE utf8mb4_unicode_ci NOT NULL,
  `description` varchar(255) COLLATE utf8mb4_unicode_ci DEFAULT NULL,
  `created_at` timestamp NULL DEFAULT NULL,
  `updated_at` timestamp NULL DEFAULT NULL
) ENGINE=InnoDB DEFAULT CHARSET=utf8mb4 COLLATE=utf8mb4_unicode_ci;

--
-- إرجاع أو استيراد بيانات الجدول `dorms`
--

INSERT INTO `dorms` (`id`, `name`, `description`, `created_at`, `updated_at`) VALUES
(1, 'Faith Hostel', NULL, NULL, NULL),
(2, 'Peace Hostel', NULL, NULL, NULL),
(3, 'Grace Hostel', NULL, NULL, NULL),
(4, 'Success Hostel', NULL, NULL, NULL),
(5, 'Trust Hostel', NULL, NULL, NULL);

-- --------------------------------------------------------

--
-- بنية الجدول `exams`
--

CREATE TABLE `exams` (
  `id` int(10) UNSIGNED NOT NULL,
  `name` varchar(255) COLLATE utf8mb4_unicode_ci NOT NULL,
  `term` tinyint(4) NOT NULL,
  `year` varchar(40) COLLATE utf8mb4_unicode_ci NOT NULL,
  `created_at` timestamp NULL DEFAULT NULL,
  `updated_at` timestamp NULL DEFAULT NULL
) ENGINE=InnoDB DEFAULT CHARSET=utf8mb4 COLLATE=utf8mb4_unicode_ci;

-- --------------------------------------------------------

--
-- بنية الجدول `exam_records`
--

CREATE TABLE `exam_records` (
  `id` int(10) UNSIGNED NOT NULL,
  `exam_id` int(10) UNSIGNED NOT NULL,
  `student_id` int(10) UNSIGNED NOT NULL,
  `my_class_id` int(10) UNSIGNED NOT NULL,
  `section_id` int(10) UNSIGNED NOT NULL,
  `total` int(11) DEFAULT NULL,
  `ave` varchar(255) COLLATE utf8mb4_unicode_ci DEFAULT NULL,
  `class_ave` varchar(255) COLLATE utf8mb4_unicode_ci DEFAULT NULL,
  `pos` int(11) DEFAULT NULL,
  `af` varchar(255) COLLATE utf8mb4_unicode_ci DEFAULT NULL,
  `ps` varchar(255) COLLATE utf8mb4_unicode_ci DEFAULT NULL,
  `p_comment` varchar(255) COLLATE utf8mb4_unicode_ci DEFAULT NULL,
  `t_comment` varchar(255) COLLATE utf8mb4_unicode_ci DEFAULT NULL,
  `year` varchar(255) COLLATE utf8mb4_unicode_ci NOT NULL,
  `created_at` timestamp NULL DEFAULT NULL,
  `updated_at` timestamp NULL DEFAULT NULL
) ENGINE=InnoDB DEFAULT CHARSET=utf8mb4 COLLATE=utf8mb4_unicode_ci;

-- --------------------------------------------------------

--
-- بنية الجدول `grades`
--

CREATE TABLE `grades` (
  `id` int(10) UNSIGNED NOT NULL,
  `name` varchar(40) COLLATE utf8mb4_unicode_ci NOT NULL,
  `class_type_id` int(10) UNSIGNED DEFAULT NULL,
  `mark_from` tinyint(4) NOT NULL,
  `mark_to` tinyint(4) NOT NULL,
  `remark` varchar(40) COLLATE utf8mb4_unicode_ci DEFAULT NULL,
  `created_at` timestamp NULL DEFAULT NULL,
  `updated_at` timestamp NULL DEFAULT NULL
) ENGINE=InnoDB DEFAULT CHARSET=utf8mb4 COLLATE=utf8mb4_unicode_ci;

--
-- إرجاع أو استيراد بيانات الجدول `grades`
--

INSERT INTO `grades` (`id`, `name`, `class_type_id`, `mark_from`, `mark_to`, `remark`, `created_at`, `updated_at`) VALUES
(1, 'A', NULL, 70, 100, 'Excellent', NULL, NULL),
(2, 'B', NULL, 60, 69, 'Very Good', NULL, NULL),
(3, 'C', NULL, 50, 59, 'Good', NULL, NULL),
(4, 'D', NULL, 45, 49, 'Pass', NULL, NULL),
(5, 'E', NULL, 40, 44, 'Poor', NULL, NULL),
(6, 'F', NULL, 0, 39, 'Fail', NULL, NULL);

-- --------------------------------------------------------

--
-- بنية الجدول `lgas`
--

CREATE TABLE `lgas` (
  `id` int(10) UNSIGNED NOT NULL,
  `state_id` int(10) UNSIGNED NOT NULL,
  `name` varchar(255) COLLATE utf8mb4_unicode_ci NOT NULL,
  `created_at` timestamp NULL DEFAULT NULL,
  `updated_at` timestamp NULL DEFAULT NULL
) ENGINE=InnoDB DEFAULT CHARSET=utf8mb4 COLLATE=utf8mb4_unicode_ci;

--
-- إرجاع أو استيراد بيانات الجدول `lgas`
--

INSERT INTO `lgas` (`id`, `state_id`, `name`, `created_at`, `updated_at`) VALUES
(1, 1, 'Aba North', '2023-05-20 12:03:03', '2023-05-20 12:03:03'),
(2, 1, 'Aba South', '2023-05-20 12:03:03', '2023-05-20 12:03:03'),
(3, 1, 'Arochukwu', '2023-05-20 12:03:03', '2023-05-20 12:03:03'),
(4, 1, 'Bende', '2023-05-20 12:03:03', '2023-05-20 12:03:03'),
(5, 1, 'Ikwuano', '2023-05-20 12:03:03', '2023-05-20 12:03:03'),
(6, 1, 'Isiala Ngwa North', '2023-05-20 12:03:03', '2023-05-20 12:03:03'),
(7, 1, 'Isiala Ngwa South', '2023-05-20 12:03:03', '2023-05-20 12:03:03'),
(8, 1, 'Isuikwuato', '2023-05-20 12:03:03', '2023-05-20 12:03:03'),
(9, 1, 'Obi Ngwa', '2023-05-20 12:03:03', '2023-05-20 12:03:03'),
(10, 1, 'Ohafia', '2023-05-20 12:03:03', '2023-05-20 12:03:03'),
(11, 1, 'Osisioma', '2023-05-20 12:03:03', '2023-05-20 12:03:03'),
(12, 1, 'Ugwunagbo', '2023-05-20 12:03:03', '2023-05-20 12:03:03'),
(13, 1, 'Ukwa East', '2023-05-20 12:03:03', '2023-05-20 12:03:03'),
(14, 1, 'Ukwa West', '2023-05-20 12:03:03', '2023-05-20 12:03:03'),
(15, 1, 'Umuahia North', '2023-05-20 12:03:03', '2023-05-20 12:03:03'),
(16, 1, 'Umuahia South', '2023-05-20 12:03:03', '2023-05-20 12:03:03'),
(17, 1, 'Umu Nneochi', '2023-05-20 12:03:03', '2023-05-20 12:03:03'),
(18, 2, 'Demsa', '2023-05-20 12:03:03', '2023-05-20 12:03:03'),
(19, 2, 'Fufure', '2023-05-20 12:03:03', '2023-05-20 12:03:03'),
(20, 2, 'Ganye', '2023-05-20 12:03:03', '2023-05-20 12:03:03'),
(21, 2, 'Gayuk', '2023-05-20 12:03:03', '2023-05-20 12:03:03'),
(22, 2, 'Gombi', '2023-05-20 12:03:03', '2023-05-20 12:03:03'),
(23, 2, 'Grie', '2023-05-20 12:03:03', '2023-05-20 12:03:03'),
(24, 2, 'Hong', '2023-05-20 12:03:03', '2023-05-20 12:03:03'),
(25, 2, 'Jada', '2023-05-20 12:03:03', '2023-05-20 12:03:03'),
(26, 2, 'Larmurde', '2023-05-20 12:03:03', '2023-05-20 12:03:03'),
(27, 2, 'Madagali', '2023-05-20 12:03:03', '2023-05-20 12:03:03'),
(28, 2, 'Maiha', '2023-05-20 12:03:03', '2023-05-20 12:03:03'),
(29, 2, 'Mayo Belwa', '2023-05-20 12:03:03', '2023-05-20 12:03:03'),
(30, 2, 'Michika', '2023-05-20 12:03:03', '2023-05-20 12:03:03'),
(31, 2, 'Mubi North', '2023-05-20 12:03:03', '2023-05-20 12:03:03'),
(32, 2, 'Mubi South', '2023-05-20 12:03:03', '2023-05-20 12:03:03'),
(33, 2, 'Numan', '2023-05-20 12:03:03', '2023-05-20 12:03:03'),
(34, 2, 'Shelleng', '2023-05-20 12:03:03', '2023-05-20 12:03:03'),
(35, 2, 'Song', '2023-05-20 12:03:03', '2023-05-20 12:03:03'),
(36, 2, 'Toungo', '2023-05-20 12:03:03', '2023-05-20 12:03:03'),
(37, 2, 'Yola North', '2023-05-20 12:03:03', '2023-05-20 12:03:03'),
(38, 2, 'Yola South', '2023-05-20 12:03:03', '2023-05-20 12:03:03'),
(39, 3, 'Abak', '2023-05-20 12:03:03', '2023-05-20 12:03:03'),
(40, 3, 'Eastern Obolo', '2023-05-20 12:03:03', '2023-05-20 12:03:03'),
(41, 3, 'Eket', '2023-05-20 12:03:03', '2023-05-20 12:03:03'),
(42, 3, 'Esit Eket', '2023-05-20 12:03:03', '2023-05-20 12:03:03'),
(43, 3, 'Essien Udim', '2023-05-20 12:03:03', '2023-05-20 12:03:03'),
(44, 3, 'Etim Ekpo', '2023-05-20 12:03:03', '2023-05-20 12:03:03'),
(45, 3, 'Etinan', '2023-05-20 12:03:03', '2023-05-20 12:03:03'),
(46, 3, 'Ibeno', '2023-05-20 12:03:03', '2023-05-20 12:03:03'),
(47, 3, 'Ibesikpo Asutan', '2023-05-20 12:03:03', '2023-05-20 12:03:03'),
(48, 3, 'Ibiono-Ibom', '2023-05-20 12:03:03', '2023-05-20 12:03:03'),
(49, 3, 'Ika', '2023-05-20 12:03:03', '2023-05-20 12:03:03'),
(50, 3, 'Ikono', '2023-05-20 12:03:03', '2023-05-20 12:03:03'),
(51, 3, 'Ikot Abasi', '2023-05-20 12:03:03', '2023-05-20 12:03:03'),
(52, 3, 'Ikot Ekpene', '2023-05-20 12:03:03', '2023-05-20 12:03:03'),
(53, 3, 'Ini', '2023-05-20 12:03:03', '2023-05-20 12:03:03'),
(54, 3, 'Itu', '2023-05-20 12:03:03', '2023-05-20 12:03:03'),
(55, 3, 'Mbo', '2023-05-20 12:03:03', '2023-05-20 12:03:03'),
(56, 3, 'Mkpat-Enin', '2023-05-20 12:03:03', '2023-05-20 12:03:03'),
(57, 3, 'Nsit-Atai', '2023-05-20 12:03:03', '2023-05-20 12:03:03'),
(58, 3, 'Nsit-Ibom', '2023-05-20 12:03:03', '2023-05-20 12:03:03'),
(59, 3, 'Nsit-Ubium', '2023-05-20 12:03:03', '2023-05-20 12:03:03'),
(60, 3, 'Obot Akara', '2023-05-20 12:03:03', '2023-05-20 12:03:03'),
(61, 3, 'Okobo', '2023-05-20 12:03:03', '2023-05-20 12:03:03'),
(62, 3, 'Onna', '2023-05-20 12:03:03', '2023-05-20 12:03:03'),
(63, 3, 'Oron', '2023-05-20 12:03:03', '2023-05-20 12:03:03'),
(64, 3, 'Oruk Anam', '2023-05-20 12:03:03', '2023-05-20 12:03:03'),
(65, 3, 'Udung-Uko', '2023-05-20 12:03:03', '2023-05-20 12:03:03'),
(66, 3, 'Ukanafun', '2023-05-20 12:03:03', '2023-05-20 12:03:03'),
(67, 3, 'Uruan', '2023-05-20 12:03:03', '2023-05-20 12:03:03'),
(68, 3, 'Urue-Offong/Oruko', '2023-05-20 12:03:03', '2023-05-20 12:03:03'),
(69, 3, 'Uyo', '2023-05-20 12:03:03', '2023-05-20 12:03:03'),
(70, 4, 'Aguata', '2023-05-20 12:03:03', '2023-05-20 12:03:03'),
(71, 4, 'Anambra East', '2023-05-20 12:03:03', '2023-05-20 12:03:03'),
(72, 4, 'Anambra West', '2023-05-20 12:03:03', '2023-05-20 12:03:03'),
(73, 4, 'Anaocha', '2023-05-20 12:03:03', '2023-05-20 12:03:03'),
(74, 4, 'Awka North', '2023-05-20 12:03:03', '2023-05-20 12:03:03'),
(75, 4, 'Awka South', '2023-05-20 12:03:03', '2023-05-20 12:03:03'),
(76, 4, 'Ayamelum', '2023-05-20 12:03:03', '2023-05-20 12:03:03'),
(77, 4, 'Dunukofia', '2023-05-20 12:03:03', '2023-05-20 12:03:03'),
(78, 4, 'Ekwusigo', '2023-05-20 12:03:03', '2023-05-20 12:03:03'),
(79, 4, 'Idemili North', '2023-05-20 12:03:03', '2023-05-20 12:03:03'),
(80, 4, 'Idemili South', '2023-05-20 12:03:03', '2023-05-20 12:03:03'),
(81, 4, 'Ihiala', '2023-05-20 12:03:03', '2023-05-20 12:03:03'),
(82, 4, 'Njikoka', '2023-05-20 12:03:03', '2023-05-20 12:03:03'),
(83, 4, 'Nnewi North', '2023-05-20 12:03:03', '2023-05-20 12:03:03'),
(84, 4, 'Nnewi South', '2023-05-20 12:03:03', '2023-05-20 12:03:03'),
(85, 4, 'Ogbaru', '2023-05-20 12:03:03', '2023-05-20 12:03:03'),
(86, 4, 'Onitsha North', '2023-05-20 12:03:03', '2023-05-20 12:03:03'),
(87, 4, 'Onitsha South', '2023-05-20 12:03:03', '2023-05-20 12:03:03'),
(88, 4, 'Orumba North', '2023-05-20 12:03:03', '2023-05-20 12:03:03'),
(89, 4, 'Orumba South', '2023-05-20 12:03:03', '2023-05-20 12:03:03'),
(90, 4, 'Oyi', '2023-05-20 12:03:03', '2023-05-20 12:03:03'),
(91, 5, 'Alkaleri', '2023-05-20 12:03:03', '2023-05-20 12:03:03'),
(92, 5, 'Bauchi', '2023-05-20 12:03:03', '2023-05-20 12:03:03'),
(93, 5, 'Bogoro', '2023-05-20 12:03:03', '2023-05-20 12:03:03'),
(94, 5, 'Damban', '2023-05-20 12:03:03', '2023-05-20 12:03:03'),
(95, 5, 'Darazo', '2023-05-20 12:03:03', '2023-05-20 12:03:03'),
(96, 5, 'Dass', '2023-05-20 12:03:03', '2023-05-20 12:03:03'),
(97, 5, 'Gamawa', '2023-05-20 12:03:03', '2023-05-20 12:03:03'),
(98, 5, 'Ganjuwa', '2023-05-20 12:03:03', '2023-05-20 12:03:03'),
(99, 5, 'Giade', '2023-05-20 12:03:03', '2023-05-20 12:03:03'),
(100, 5, 'Itas/Gadau', '2023-05-20 12:03:03', '2023-05-20 12:03:03'),
(101, 5, 'Jama\'are', '2023-05-20 12:03:03', '2023-05-20 12:03:03'),
(102, 5, 'Katagum', '2023-05-20 12:03:03', '2023-05-20 12:03:03'),
(103, 5, 'Kirfi', '2023-05-20 12:03:03', '2023-05-20 12:03:03'),
(104, 5, 'Misau', '2023-05-20 12:03:03', '2023-05-20 12:03:03'),
(105, 5, 'Ningi', '2023-05-20 12:03:03', '2023-05-20 12:03:03'),
(106, 5, 'Shira', '2023-05-20 12:03:03', '2023-05-20 12:03:03'),
(107, 5, 'Tafawa Balewa', '2023-05-20 12:03:03', '2023-05-20 12:03:03'),
(108, 5, 'Toro', '2023-05-20 12:03:03', '2023-05-20 12:03:03'),
(109, 5, 'Warji', '2023-05-20 12:03:03', '2023-05-20 12:03:03'),
(110, 5, 'Zaki', '2023-05-20 12:03:03', '2023-05-20 12:03:03'),
(111, 6, 'Brass', '2023-05-20 12:03:03', '2023-05-20 12:03:03'),
(112, 6, 'Ekeremor', '2023-05-20 12:03:03', '2023-05-20 12:03:03'),
(113, 6, 'Kolokuma/Opokuma', '2023-05-20 12:03:03', '2023-05-20 12:03:03'),
(114, 6, 'Nembe', '2023-05-20 12:03:03', '2023-05-20 12:03:03'),
(115, 6, 'Ogbia', '2023-05-20 12:03:03', '2023-05-20 12:03:03'),
(116, 6, 'Sagbama', '2023-05-20 12:03:03', '2023-05-20 12:03:03'),
(117, 6, 'Southern Ijaw', '2023-05-20 12:03:03', '2023-05-20 12:03:03'),
(118, 6, 'Yenagoa', '2023-05-20 12:03:03', '2023-05-20 12:03:03'),
(119, 7, 'Agatu', '2023-05-20 12:03:03', '2023-05-20 12:03:03'),
(120, 7, 'Apa', '2023-05-20 12:03:03', '2023-05-20 12:03:03'),
(121, 7, 'Ado', '2023-05-20 12:03:03', '2023-05-20 12:03:03'),
(122, 7, 'Buruku', '2023-05-20 12:03:03', '2023-05-20 12:03:03'),
(123, 7, 'Gboko', '2023-05-20 12:03:03', '2023-05-20 12:03:03'),
(124, 7, 'Guma', '2023-05-20 12:03:03', '2023-05-20 12:03:03'),
(125, 7, 'Gwer East', '2023-05-20 12:03:03', '2023-05-20 12:03:03'),
(126, 7, 'Gwer West', '2023-05-20 12:03:03', '2023-05-20 12:03:03'),
(127, 7, 'Katsina-Ala', '2023-05-20 12:03:03', '2023-05-20 12:03:03'),
(128, 7, 'Konshisha', '2023-05-20 12:03:03', '2023-05-20 12:03:03'),
(129, 7, 'Kwande', '2023-05-20 12:03:03', '2023-05-20 12:03:03'),
(130, 7, 'Logo', '2023-05-20 12:03:03', '2023-05-20 12:03:03'),
(131, 7, 'Makurdi', '2023-05-20 12:03:03', '2023-05-20 12:03:03'),
(132, 7, 'Obi', '2023-05-20 12:03:03', '2023-05-20 12:03:03'),
(133, 7, 'Ogbadibo', '2023-05-20 12:03:03', '2023-05-20 12:03:03'),
(134, 7, 'Ohimini', '2023-05-20 12:03:03', '2023-05-20 12:03:03'),
(135, 7, 'Oju', '2023-05-20 12:03:03', '2023-05-20 12:03:03'),
(136, 7, 'Okpokwu', '2023-05-20 12:03:03', '2023-05-20 12:03:03'),
(137, 7, 'Oturkpo', '2023-05-20 12:03:03', '2023-05-20 12:03:03'),
(138, 7, 'Tarka', '2023-05-20 12:03:03', '2023-05-20 12:03:03'),
(139, 7, 'Ukum', '2023-05-20 12:03:03', '2023-05-20 12:03:03'),
(140, 7, 'Ushongo', '2023-05-20 12:03:03', '2023-05-20 12:03:03'),
(141, 7, 'Vandeikya', '2023-05-20 12:03:03', '2023-05-20 12:03:03'),
(142, 8, 'Abadam', '2023-05-20 12:03:03', '2023-05-20 12:03:03'),
(143, 8, 'Askira/Uba', '2023-05-20 12:03:03', '2023-05-20 12:03:03'),
(144, 8, 'Bama', '2023-05-20 12:03:03', '2023-05-20 12:03:03'),
(145, 8, 'Bayo', '2023-05-20 12:03:03', '2023-05-20 12:03:03'),
(146, 8, 'Biu', '2023-05-20 12:03:03', '2023-05-20 12:03:03'),
(147, 8, 'Chibok', '2023-05-20 12:03:03', '2023-05-20 12:03:03'),
(148, 8, 'Damboa', '2023-05-20 12:03:03', '2023-05-20 12:03:03'),
(149, 8, 'Dikwa', '2023-05-20 12:03:03', '2023-05-20 12:03:03'),
(150, 8, 'Gubio', '2023-05-20 12:03:03', '2023-05-20 12:03:03'),
(151, 8, 'Guzamala', '2023-05-20 12:03:03', '2023-05-20 12:03:03'),
(152, 8, 'Gwoza', '2023-05-20 12:03:03', '2023-05-20 12:03:03'),
(153, 8, 'Hawul', '2023-05-20 12:03:03', '2023-05-20 12:03:03'),
(154, 8, 'Jere', '2023-05-20 12:03:03', '2023-05-20 12:03:03'),
(155, 8, 'Kaga', '2023-05-20 12:03:03', '2023-05-20 12:03:03'),
(156, 8, 'Kala/Balge', '2023-05-20 12:03:03', '2023-05-20 12:03:03'),
(157, 8, 'Konduga', '2023-05-20 12:03:03', '2023-05-20 12:03:03'),
(158, 8, 'Kukawa', '2023-05-20 12:03:03', '2023-05-20 12:03:03'),
(159, 8, 'Kwaya Kusar', '2023-05-20 12:03:03', '2023-05-20 12:03:03'),
(160, 8, 'Mafa', '2023-05-20 12:03:03', '2023-05-20 12:03:03'),
(161, 8, 'Magumeri', '2023-05-20 12:03:03', '2023-05-20 12:03:03'),
(162, 8, 'Maiduguri', '2023-05-20 12:03:03', '2023-05-20 12:03:03'),
(163, 8, 'Marte', '2023-05-20 12:03:03', '2023-05-20 12:03:03'),
(164, 8, 'Mobbar', '2023-05-20 12:03:03', '2023-05-20 12:03:03'),
(165, 8, 'Monguno', '2023-05-20 12:03:03', '2023-05-20 12:03:03'),
(166, 8, 'Ngala', '2023-05-20 12:03:03', '2023-05-20 12:03:03'),
(167, 8, 'Nganzai', '2023-05-20 12:03:03', '2023-05-20 12:03:03'),
(168, 8, 'Shani', '2023-05-20 12:03:03', '2023-05-20 12:03:03'),
(169, 9, 'Abi', '2023-05-20 12:03:03', '2023-05-20 12:03:03'),
(170, 9, 'Akamkpa', '2023-05-20 12:03:03', '2023-05-20 12:03:03'),
(171, 9, 'Akpabuyo', '2023-05-20 12:03:03', '2023-05-20 12:03:03'),
(172, 9, 'Bakassi', '2023-05-20 12:03:03', '2023-05-20 12:03:03'),
(173, 9, 'Bekwarra', '2023-05-20 12:03:03', '2023-05-20 12:03:03'),
(174, 9, 'Biase', '2023-05-20 12:03:03', '2023-05-20 12:03:03'),
(175, 9, 'Boki', '2023-05-20 12:03:03', '2023-05-20 12:03:03'),
(176, 9, 'Calabar Municipal', '2023-05-20 12:03:03', '2023-05-20 12:03:03'),
(177, 9, 'Calabar South', '2023-05-20 12:03:03', '2023-05-20 12:03:03'),
(178, 9, 'Etung', '2023-05-20 12:03:03', '2023-05-20 12:03:03'),
(179, 9, 'Ikom', '2023-05-20 12:03:03', '2023-05-20 12:03:03'),
(180, 9, 'Obanliku', '2023-05-20 12:03:03', '2023-05-20 12:03:03'),
(181, 9, 'Obubra', '2023-05-20 12:03:03', '2023-05-20 12:03:03'),
(182, 9, 'Obudu', '2023-05-20 12:03:03', '2023-05-20 12:03:03'),
(183, 9, 'Odukpani', '2023-05-20 12:03:03', '2023-05-20 12:03:03'),
(184, 9, 'Ogoja', '2023-05-20 12:03:03', '2023-05-20 12:03:03'),
(185, 9, 'Yakuur', '2023-05-20 12:03:03', '2023-05-20 12:03:03'),
(186, 9, 'Yala', '2023-05-20 12:03:03', '2023-05-20 12:03:03'),
(187, 10, 'Aniocha North', '2023-05-20 12:03:03', '2023-05-20 12:03:03'),
(188, 10, 'Aniocha South', '2023-05-20 12:03:03', '2023-05-20 12:03:03'),
(189, 10, 'Bomadi', '2023-05-20 12:03:03', '2023-05-20 12:03:03'),
(190, 10, 'Burutu', '2023-05-20 12:03:03', '2023-05-20 12:03:03'),
(191, 10, 'Ethiope East', '2023-05-20 12:03:03', '2023-05-20 12:03:03'),
(192, 10, 'Ethiope West', '2023-05-20 12:03:03', '2023-05-20 12:03:03'),
(193, 10, 'Ika North East', '2023-05-20 12:03:03', '2023-05-20 12:03:03'),
(194, 10, 'Ika South', '2023-05-20 12:03:03', '2023-05-20 12:03:03'),
(195, 10, 'Isoko North', '2023-05-20 12:03:03', '2023-05-20 12:03:03'),
(196, 10, 'Isoko South', '2023-05-20 12:03:03', '2023-05-20 12:03:03'),
(197, 10, 'Ndokwa East', '2023-05-20 12:03:03', '2023-05-20 12:03:03'),
(198, 10, 'Ndokwa West', '2023-05-20 12:03:03', '2023-05-20 12:03:03'),
(199, 10, 'Okpe', '2023-05-20 12:03:03', '2023-05-20 12:03:03'),
(200, 10, 'Oshimili North', '2023-05-20 12:03:03', '2023-05-20 12:03:03'),
(201, 10, 'Oshimili South', '2023-05-20 12:03:03', '2023-05-20 12:03:03'),
(202, 10, 'Patani', '2023-05-20 12:03:03', '2023-05-20 12:03:03'),
(203, 10, 'Sapele, Delta', '2023-05-20 12:03:03', '2023-05-20 12:03:03'),
(204, 10, 'Udu', '2023-05-20 12:03:03', '2023-05-20 12:03:03'),
(205, 10, 'Ughelli North', '2023-05-20 12:03:03', '2023-05-20 12:03:03'),
(206, 10, 'Ughelli South', '2023-05-20 12:03:03', '2023-05-20 12:03:03'),
(207, 10, 'Ukwuani', '2023-05-20 12:03:03', '2023-05-20 12:03:03'),
(208, 10, 'Uvwie', '2023-05-20 12:03:03', '2023-05-20 12:03:03'),
(209, 10, 'Warri North', '2023-05-20 12:03:03', '2023-05-20 12:03:03'),
(210, 10, 'Warri South', '2023-05-20 12:03:03', '2023-05-20 12:03:03'),
(211, 10, 'Warri South West', '2023-05-20 12:03:03', '2023-05-20 12:03:03'),
(212, 11, 'Abakaliki', '2023-05-20 12:03:03', '2023-05-20 12:03:03'),
(213, 11, 'Afikpo North', '2023-05-20 12:03:03', '2023-05-20 12:03:03'),
(214, 11, 'Afikpo South', '2023-05-20 12:03:03', '2023-05-20 12:03:03'),
(215, 11, 'Ebonyi', '2023-05-20 12:03:03', '2023-05-20 12:03:03'),
(216, 11, 'Ezza North', '2023-05-20 12:03:03', '2023-05-20 12:03:03'),
(217, 11, 'Ezza South', '2023-05-20 12:03:03', '2023-05-20 12:03:03'),
(218, 11, 'Ikwo', '2023-05-20 12:03:03', '2023-05-20 12:03:03'),
(219, 11, 'Ishielu', '2023-05-20 12:03:03', '2023-05-20 12:03:03'),
(220, 11, 'Ivo', '2023-05-20 12:03:03', '2023-05-20 12:03:03'),
(221, 11, 'Izzi', '2023-05-20 12:03:03', '2023-05-20 12:03:03'),
(222, 11, 'Ohaozara', '2023-05-20 12:03:03', '2023-05-20 12:03:03'),
(223, 11, 'Ohaukwu', '2023-05-20 12:03:03', '2023-05-20 12:03:03'),
(224, 11, 'Onicha', '2023-05-20 12:03:03', '2023-05-20 12:03:03'),
(225, 12, 'Akoko-Edo', '2023-05-20 12:03:03', '2023-05-20 12:03:03'),
(226, 12, 'Egor', '2023-05-20 12:03:03', '2023-05-20 12:03:03'),
(227, 12, 'Esan Central', '2023-05-20 12:03:03', '2023-05-20 12:03:03'),
(228, 12, 'Esan North-East', '2023-05-20 12:03:03', '2023-05-20 12:03:03'),
(229, 12, 'Esan South-East', '2023-05-20 12:03:03', '2023-05-20 12:03:03'),
(230, 12, 'Esan West', '2023-05-20 12:03:03', '2023-05-20 12:03:03'),
(231, 12, 'Etsako Central', '2023-05-20 12:03:03', '2023-05-20 12:03:03'),
(232, 12, 'Etsako East', '2023-05-20 12:03:03', '2023-05-20 12:03:03'),
(233, 12, 'Etsako West', '2023-05-20 12:03:03', '2023-05-20 12:03:03'),
(234, 12, 'Igueben', '2023-05-20 12:03:03', '2023-05-20 12:03:03'),
(235, 12, 'Ikpoba Okha', '2023-05-20 12:03:03', '2023-05-20 12:03:03'),
(236, 12, 'Orhionmwon', '2023-05-20 12:03:03', '2023-05-20 12:03:03'),
(237, 12, 'Oredo', '2023-05-20 12:03:03', '2023-05-20 12:03:03'),
(238, 12, 'Ovia North-East', '2023-05-20 12:03:03', '2023-05-20 12:03:03'),
(239, 12, 'Ovia South-West', '2023-05-20 12:03:03', '2023-05-20 12:03:03'),
(240, 12, 'Owan East', '2023-05-20 12:03:03', '2023-05-20 12:03:03'),
(241, 12, 'Owan West', '2023-05-20 12:03:03', '2023-05-20 12:03:03'),
(242, 12, 'Uhunmwonde', '2023-05-20 12:03:03', '2023-05-20 12:03:03'),
(243, 13, 'Ado Ekiti', '2023-05-20 12:03:03', '2023-05-20 12:03:03'),
(244, 13, 'Efon', '2023-05-20 12:03:03', '2023-05-20 12:03:03'),
(245, 13, 'Ekiti East', '2023-05-20 12:03:03', '2023-05-20 12:03:03'),
(246, 13, 'Ekiti South-West', '2023-05-20 12:03:03', '2023-05-20 12:03:03'),
(247, 13, 'Ekiti West', '2023-05-20 12:03:03', '2023-05-20 12:03:03'),
(248, 13, 'Emure', '2023-05-20 12:03:03', '2023-05-20 12:03:03'),
(249, 13, 'Gbonyin', '2023-05-20 12:03:03', '2023-05-20 12:03:03'),
(250, 13, 'Ido Osi', '2023-05-20 12:03:03', '2023-05-20 12:03:03'),
(251, 13, 'Ijero', '2023-05-20 12:03:03', '2023-05-20 12:03:03'),
(252, 13, 'Ikere', '2023-05-20 12:03:03', '2023-05-20 12:03:03'),
(253, 13, 'Ikole', '2023-05-20 12:03:03', '2023-05-20 12:03:03'),
(254, 13, 'Ilejemeje', '2023-05-20 12:03:03', '2023-05-20 12:03:03'),
(255, 13, 'Irepodun/Ifelodun', '2023-05-20 12:03:03', '2023-05-20 12:03:03'),
(256, 13, 'Ise/Orun', '2023-05-20 12:03:03', '2023-05-20 12:03:03'),
(257, 13, 'Moba', '2023-05-20 12:03:03', '2023-05-20 12:03:03'),
(258, 13, 'Oye', '2023-05-20 12:03:03', '2023-05-20 12:03:03'),
(259, 14, 'Aninri', '2023-05-20 12:03:03', '2023-05-20 12:03:03'),
(260, 14, 'Awgu', '2023-05-20 12:03:03', '2023-05-20 12:03:03'),
(261, 14, 'Enugu East', '2023-05-20 12:03:03', '2023-05-20 12:03:03'),
(262, 14, 'Enugu North', '2023-05-20 12:03:03', '2023-05-20 12:03:03'),
(263, 14, 'Enugu South', '2023-05-20 12:03:03', '2023-05-20 12:03:03'),
(264, 14, 'Ezeagu', '2023-05-20 12:03:03', '2023-05-20 12:03:03'),
(265, 14, 'Igbo Etiti', '2023-05-20 12:03:03', '2023-05-20 12:03:03'),
(266, 14, 'Igbo Eze North', '2023-05-20 12:03:03', '2023-05-20 12:03:03'),
(267, 14, 'Igbo Eze South', '2023-05-20 12:03:03', '2023-05-20 12:03:03'),
(268, 14, 'Isi Uzo', '2023-05-20 12:03:03', '2023-05-20 12:03:03'),
(269, 14, 'Nkanu East', '2023-05-20 12:03:03', '2023-05-20 12:03:03'),
(270, 14, 'Nkanu West', '2023-05-20 12:03:04', '2023-05-20 12:03:04'),
(271, 14, 'Nsukka', '2023-05-20 12:03:04', '2023-05-20 12:03:04'),
(272, 14, 'Oji River', '2023-05-20 12:03:04', '2023-05-20 12:03:04'),
(273, 14, 'Udenu', '2023-05-20 12:03:04', '2023-05-20 12:03:04'),
(274, 14, 'Udi', '2023-05-20 12:03:04', '2023-05-20 12:03:04'),
(275, 14, 'Uzo Uwani', '2023-05-20 12:03:04', '2023-05-20 12:03:04'),
(276, 15, 'Abaji', '2023-05-20 12:03:04', '2023-05-20 12:03:04'),
(277, 15, 'Bwari', '2023-05-20 12:03:04', '2023-05-20 12:03:04'),
(278, 15, 'Gwagwalada', '2023-05-20 12:03:04', '2023-05-20 12:03:04'),
(279, 15, 'Kuje', '2023-05-20 12:03:04', '2023-05-20 12:03:04'),
(280, 15, 'Kwali', '2023-05-20 12:03:04', '2023-05-20 12:03:04'),
(281, 15, 'Municipal Area Council', '2023-05-20 12:03:04', '2023-05-20 12:03:04'),
(282, 16, 'Akko', '2023-05-20 12:03:04', '2023-05-20 12:03:04'),
(283, 16, 'Balanga', '2023-05-20 12:03:04', '2023-05-20 12:03:04'),
(284, 16, 'Billiri', '2023-05-20 12:03:04', '2023-05-20 12:03:04'),
(285, 16, 'Dukku', '2023-05-20 12:03:04', '2023-05-20 12:03:04'),
(286, 16, 'Funakaye', '2023-05-20 12:03:04', '2023-05-20 12:03:04'),
(287, 16, 'Gombe', '2023-05-20 12:03:04', '2023-05-20 12:03:04'),
(288, 16, 'Kaltungo', '2023-05-20 12:03:04', '2023-05-20 12:03:04'),
(289, 16, 'Kwami', '2023-05-20 12:03:04', '2023-05-20 12:03:04'),
(290, 16, 'Nafada', '2023-05-20 12:03:04', '2023-05-20 12:03:04'),
(291, 16, 'Shongom', '2023-05-20 12:03:04', '2023-05-20 12:03:04'),
(292, 16, 'Yamaltu/Deba', '2023-05-20 12:03:04', '2023-05-20 12:03:04'),
(293, 17, 'Aboh Mbaise', '2023-05-20 12:03:04', '2023-05-20 12:03:04'),
(294, 17, 'Ahiazu Mbaise', '2023-05-20 12:03:04', '2023-05-20 12:03:04'),
(295, 17, 'Ehime Mbano', '2023-05-20 12:03:04', '2023-05-20 12:03:04'),
(296, 17, 'Ezinihitte', '2023-05-20 12:03:04', '2023-05-20 12:03:04'),
(297, 17, 'Ideato North', '2023-05-20 12:03:04', '2023-05-20 12:03:04'),
(298, 17, 'Ideato South', '2023-05-20 12:03:04', '2023-05-20 12:03:04'),
(299, 17, 'Ihitte/Uboma', '2023-05-20 12:03:04', '2023-05-20 12:03:04'),
(300, 17, 'Ikeduru', '2023-05-20 12:03:04', '2023-05-20 12:03:04'),
(301, 17, 'Isiala Mbano', '2023-05-20 12:03:04', '2023-05-20 12:03:04'),
(302, 17, 'Isu', '2023-05-20 12:03:04', '2023-05-20 12:03:04'),
(303, 17, 'Mbaitoli', '2023-05-20 12:03:04', '2023-05-20 12:03:04'),
(304, 17, 'Ngor Okpala', '2023-05-20 12:03:04', '2023-05-20 12:03:04'),
(305, 17, 'Njaba', '2023-05-20 12:03:04', '2023-05-20 12:03:04'),
(306, 17, 'Nkwerre', '2023-05-20 12:03:04', '2023-05-20 12:03:04'),
(307, 17, 'Nwangele', '2023-05-20 12:03:04', '2023-05-20 12:03:04'),
(308, 17, 'Obowo', '2023-05-20 12:03:04', '2023-05-20 12:03:04'),
(309, 17, 'Oguta', '2023-05-20 12:03:04', '2023-05-20 12:03:04'),
(310, 17, 'Ohaji/Egbema', '2023-05-20 12:03:04', '2023-05-20 12:03:04'),
(311, 17, 'Okigwe', '2023-05-20 12:03:04', '2023-05-20 12:03:04'),
(312, 17, 'Orlu', '2023-05-20 12:03:04', '2023-05-20 12:03:04'),
(313, 17, 'Orsu', '2023-05-20 12:03:04', '2023-05-20 12:03:04'),
(314, 17, 'Oru East', '2023-05-20 12:03:04', '2023-05-20 12:03:04'),
(315, 17, 'Oru West', '2023-05-20 12:03:04', '2023-05-20 12:03:04'),
(316, 17, 'Owerri Municipal', '2023-05-20 12:03:04', '2023-05-20 12:03:04'),
(317, 17, 'Owerri North', '2023-05-20 12:03:04', '2023-05-20 12:03:04'),
(318, 17, 'Owerri West', '2023-05-20 12:03:04', '2023-05-20 12:03:04'),
(319, 17, 'Unuimo', '2023-05-20 12:03:04', '2023-05-20 12:03:04'),
(320, 18, 'Auyo', '2023-05-20 12:03:04', '2023-05-20 12:03:04'),
(321, 18, 'Babura', '2023-05-20 12:03:04', '2023-05-20 12:03:04'),
(322, 18, 'Biriniwa', '2023-05-20 12:03:04', '2023-05-20 12:03:04'),
(323, 18, 'Birnin Kudu', '2023-05-20 12:03:04', '2023-05-20 12:03:04'),
(324, 18, 'Buji', '2023-05-20 12:03:04', '2023-05-20 12:03:04'),
(325, 18, 'Dutse', '2023-05-20 12:03:04', '2023-05-20 12:03:04'),
(326, 18, 'Gagarawa', '2023-05-20 12:03:04', '2023-05-20 12:03:04'),
(327, 18, 'Garki', '2023-05-20 12:03:04', '2023-05-20 12:03:04'),
(328, 18, 'Gumel', '2023-05-20 12:03:04', '2023-05-20 12:03:04'),
(329, 18, 'Guri', '2023-05-20 12:03:04', '2023-05-20 12:03:04'),
(330, 18, 'Gwaram', '2023-05-20 12:03:04', '2023-05-20 12:03:04'),
(331, 18, 'Gwiwa', '2023-05-20 12:03:04', '2023-05-20 12:03:04'),
(332, 18, 'Hadejia', '2023-05-20 12:03:04', '2023-05-20 12:03:04'),
(333, 18, 'Jahun', '2023-05-20 12:03:04', '2023-05-20 12:03:04'),
(334, 18, 'Kafin Hausa', '2023-05-20 12:03:04', '2023-05-20 12:03:04'),
(335, 18, 'Kazaure', '2023-05-20 12:03:04', '2023-05-20 12:03:04'),
(336, 18, 'Kiri Kasama', '2023-05-20 12:03:04', '2023-05-20 12:03:04'),
(337, 18, 'Kiyawa', '2023-05-20 12:03:04', '2023-05-20 12:03:04'),
(338, 18, 'Kaugama', '2023-05-20 12:03:04', '2023-05-20 12:03:04'),
(339, 18, 'Maigatari', '2023-05-20 12:03:04', '2023-05-20 12:03:04'),
(340, 18, 'Malam Madori', '2023-05-20 12:03:04', '2023-05-20 12:03:04'),
(341, 18, 'Miga', '2023-05-20 12:03:04', '2023-05-20 12:03:04'),
(342, 18, 'Ringim', '2023-05-20 12:03:04', '2023-05-20 12:03:04'),
(343, 18, 'Roni', '2023-05-20 12:03:04', '2023-05-20 12:03:04'),
(344, 18, 'Sule Tankarkar', '2023-05-20 12:03:04', '2023-05-20 12:03:04'),
(345, 18, 'Taura', '2023-05-20 12:03:04', '2023-05-20 12:03:04'),
(346, 18, 'Yankwashi', '2023-05-20 12:03:04', '2023-05-20 12:03:04'),
(347, 19, 'Birnin Gwari', '2023-05-20 12:03:04', '2023-05-20 12:03:04'),
(348, 19, 'Chikun', '2023-05-20 12:03:04', '2023-05-20 12:03:04'),
(349, 19, 'Giwa', '2023-05-20 12:03:04', '2023-05-20 12:03:04'),
(350, 19, 'Igabi', '2023-05-20 12:03:04', '2023-05-20 12:03:04'),
(351, 19, 'Ikara', '2023-05-20 12:03:04', '2023-05-20 12:03:04'),
(352, 19, 'Jaba', '2023-05-20 12:03:04', '2023-05-20 12:03:04'),
(353, 19, 'Jema\'a', '2023-05-20 12:03:04', '2023-05-20 12:03:04'),
(354, 19, 'Kachia', '2023-05-20 12:03:04', '2023-05-20 12:03:04'),
(355, 19, 'Kaduna North', '2023-05-20 12:03:04', '2023-05-20 12:03:04'),
(356, 19, 'Kaduna South', '2023-05-20 12:03:04', '2023-05-20 12:03:04'),
(357, 19, 'Kagarko', '2023-05-20 12:03:04', '2023-05-20 12:03:04'),
(358, 19, 'Kajuru', '2023-05-20 12:03:04', '2023-05-20 12:03:04'),
(359, 19, 'Kaura', '2023-05-20 12:03:04', '2023-05-20 12:03:04'),
(360, 19, 'Kauru', '2023-05-20 12:03:04', '2023-05-20 12:03:04'),
(361, 19, 'Kubau', '2023-05-20 12:03:04', '2023-05-20 12:03:04'),
(362, 19, 'Kudan', '2023-05-20 12:03:04', '2023-05-20 12:03:04'),
(363, 19, 'Lere', '2023-05-20 12:03:04', '2023-05-20 12:03:04'),
(364, 19, 'Makarfi', '2023-05-20 12:03:04', '2023-05-20 12:03:04'),
(365, 19, 'Sabon Gari', '2023-05-20 12:03:04', '2023-05-20 12:03:04'),
(366, 19, 'Sanga', '2023-05-20 12:03:04', '2023-05-20 12:03:04'),
(367, 19, 'Soba', '2023-05-20 12:03:04', '2023-05-20 12:03:04'),
(368, 19, 'Zangon Kataf', '2023-05-20 12:03:04', '2023-05-20 12:03:04'),
(369, 19, 'Zaria', '2023-05-20 12:03:04', '2023-05-20 12:03:04'),
(370, 20, 'Ajingi', '2023-05-20 12:03:04', '2023-05-20 12:03:04'),
(371, 20, 'Albasu', '2023-05-20 12:03:04', '2023-05-20 12:03:04'),
(372, 20, 'Bagwai', '2023-05-20 12:03:04', '2023-05-20 12:03:04'),
(373, 20, 'Bebeji', '2023-05-20 12:03:04', '2023-05-20 12:03:04'),
(374, 20, 'Bichi', '2023-05-20 12:03:04', '2023-05-20 12:03:04'),
(375, 20, 'Bunkure', '2023-05-20 12:03:04', '2023-05-20 12:03:04'),
(376, 20, 'Dala', '2023-05-20 12:03:04', '2023-05-20 12:03:04'),
(377, 20, 'Dambatta', '2023-05-20 12:03:04', '2023-05-20 12:03:04'),
(378, 20, 'Dawakin Kudu', '2023-05-20 12:03:04', '2023-05-20 12:03:04'),
(379, 20, 'Dawakin Tofa', '2023-05-20 12:03:04', '2023-05-20 12:03:04'),
(380, 20, 'Doguwa', '2023-05-20 12:03:04', '2023-05-20 12:03:04'),
(381, 20, 'Fagge', '2023-05-20 12:03:04', '2023-05-20 12:03:04'),
(382, 20, 'Gabasawa', '2023-05-20 12:03:04', '2023-05-20 12:03:04'),
(383, 20, 'Garko', '2023-05-20 12:03:04', '2023-05-20 12:03:04'),
(384, 20, 'Garun Mallam', '2023-05-20 12:03:04', '2023-05-20 12:03:04'),
(385, 20, 'Gaya', '2023-05-20 12:03:04', '2023-05-20 12:03:04'),
(386, 20, 'Gezawa', '2023-05-20 12:03:04', '2023-05-20 12:03:04'),
(387, 20, 'Gwale', '2023-05-20 12:03:04', '2023-05-20 12:03:04'),
(388, 20, 'Gwarzo', '2023-05-20 12:03:04', '2023-05-20 12:03:04'),
(389, 20, 'Kabo', '2023-05-20 12:03:04', '2023-05-20 12:03:04'),
(390, 20, 'Kano Municipal', '2023-05-20 12:03:04', '2023-05-20 12:03:04'),
(391, 20, 'Karaye', '2023-05-20 12:03:04', '2023-05-20 12:03:04'),
(392, 20, 'Kibiya', '2023-05-20 12:03:04', '2023-05-20 12:03:04'),
(393, 20, 'Kiru', '2023-05-20 12:03:04', '2023-05-20 12:03:04'),
(394, 20, 'Kumbotso', '2023-05-20 12:03:04', '2023-05-20 12:03:04'),
(395, 20, 'Kunchi', '2023-05-20 12:03:04', '2023-05-20 12:03:04'),
(396, 20, 'Kura', '2023-05-20 12:03:04', '2023-05-20 12:03:04'),
(397, 20, 'Madobi', '2023-05-20 12:03:04', '2023-05-20 12:03:04'),
(398, 20, 'Makoda', '2023-05-20 12:03:04', '2023-05-20 12:03:04'),
(399, 20, 'Minjibir', '2023-05-20 12:03:04', '2023-05-20 12:03:04'),
(400, 20, 'Nasarawa', '2023-05-20 12:03:04', '2023-05-20 12:03:04'),
(401, 20, 'Rano', '2023-05-20 12:03:04', '2023-05-20 12:03:04'),
(402, 20, 'Rimin Gado', '2023-05-20 12:03:04', '2023-05-20 12:03:04'),
(403, 20, 'Rogo', '2023-05-20 12:03:04', '2023-05-20 12:03:04'),
(404, 20, 'Shanono', '2023-05-20 12:03:04', '2023-05-20 12:03:04'),
(405, 20, 'Sumaila', '2023-05-20 12:03:04', '2023-05-20 12:03:04'),
(406, 20, 'Takai', '2023-05-20 12:03:04', '2023-05-20 12:03:04'),
(407, 20, 'Tarauni', '2023-05-20 12:03:04', '2023-05-20 12:03:04'),
(408, 20, 'Tofa', '2023-05-20 12:03:04', '2023-05-20 12:03:04'),
(409, 20, 'Tsanyawa', '2023-05-20 12:03:04', '2023-05-20 12:03:04'),
(410, 20, 'Tudun Wada', '2023-05-20 12:03:04', '2023-05-20 12:03:04'),
(411, 20, 'Ungogo', '2023-05-20 12:03:04', '2023-05-20 12:03:04'),
(412, 20, 'Warawa', '2023-05-20 12:03:04', '2023-05-20 12:03:04'),
(413, 20, 'Wudil', '2023-05-20 12:03:04', '2023-05-20 12:03:04'),
(414, 21, 'Bakori', '2023-05-20 12:03:04', '2023-05-20 12:03:04'),
(415, 21, 'Batagarawa', '2023-05-20 12:03:04', '2023-05-20 12:03:04'),
(416, 21, 'Batsari', '2023-05-20 12:03:04', '2023-05-20 12:03:04'),
(417, 21, 'Baure', '2023-05-20 12:03:04', '2023-05-20 12:03:04'),
(418, 21, 'Bindawa', '2023-05-20 12:03:04', '2023-05-20 12:03:04'),
(419, 21, 'Charanchi', '2023-05-20 12:03:04', '2023-05-20 12:03:04'),
(420, 21, 'Dandume', '2023-05-20 12:03:04', '2023-05-20 12:03:04'),
(421, 21, 'Danja', '2023-05-20 12:03:04', '2023-05-20 12:03:04'),
(422, 21, 'Dan Musa', '2023-05-20 12:03:04', '2023-05-20 12:03:04'),
(423, 21, 'Daura', '2023-05-20 12:03:04', '2023-05-20 12:03:04'),
(424, 21, 'Dutsi', '2023-05-20 12:03:04', '2023-05-20 12:03:04'),
(425, 21, 'Dutsin Ma', '2023-05-20 12:03:04', '2023-05-20 12:03:04'),
(426, 21, 'Faskari', '2023-05-20 12:03:04', '2023-05-20 12:03:04'),
(427, 21, 'Funtua', '2023-05-20 12:03:04', '2023-05-20 12:03:04'),
(428, 21, 'Ingawa', '2023-05-20 12:03:04', '2023-05-20 12:03:04'),
(429, 21, 'Jibia', '2023-05-20 12:03:04', '2023-05-20 12:03:04'),
(430, 21, 'Kafur', '2023-05-20 12:03:04', '2023-05-20 12:03:04'),
(431, 21, 'Kaita', '2023-05-20 12:03:04', '2023-05-20 12:03:04'),
(432, 21, 'Kankara', '2023-05-20 12:03:04', '2023-05-20 12:03:04'),
(433, 21, 'Kankia', '2023-05-20 12:03:04', '2023-05-20 12:03:04'),
(434, 21, 'Katsina', '2023-05-20 12:03:04', '2023-05-20 12:03:04'),
(435, 21, 'Kurfi', '2023-05-20 12:03:04', '2023-05-20 12:03:04'),
(436, 21, 'Kusada', '2023-05-20 12:03:04', '2023-05-20 12:03:04'),
(437, 21, 'Mai\'Adua', '2023-05-20 12:03:04', '2023-05-20 12:03:04'),
(438, 21, 'Malumfashi', '2023-05-20 12:03:04', '2023-05-20 12:03:04'),
(439, 21, 'Mani', '2023-05-20 12:03:04', '2023-05-20 12:03:04'),
(440, 21, 'Mashi', '2023-05-20 12:03:04', '2023-05-20 12:03:04'),
(441, 21, 'Matazu', '2023-05-20 12:03:04', '2023-05-20 12:03:04'),
(442, 21, 'Musawa', '2023-05-20 12:03:04', '2023-05-20 12:03:04'),
(443, 21, 'Rimi', '2023-05-20 12:03:04', '2023-05-20 12:03:04'),
(444, 21, 'Sabuwa', '2023-05-20 12:03:04', '2023-05-20 12:03:04'),
(445, 21, 'Safana', '2023-05-20 12:03:04', '2023-05-20 12:03:04'),
(446, 21, 'Sandamu', '2023-05-20 12:03:04', '2023-05-20 12:03:04'),
(447, 21, 'Zango', '2023-05-20 12:03:04', '2023-05-20 12:03:04'),
(448, 22, 'Aleiro', '2023-05-20 12:03:04', '2023-05-20 12:03:04'),
(449, 22, 'Arewa Dandi', '2023-05-20 12:03:04', '2023-05-20 12:03:04'),
(450, 22, 'Argungu', '2023-05-20 12:03:04', '2023-05-20 12:03:04'),
(451, 22, 'Augie', '2023-05-20 12:03:04', '2023-05-20 12:03:04'),
(452, 22, 'Bagudo', '2023-05-20 12:03:04', '2023-05-20 12:03:04'),
(453, 22, 'Birnin Kebbi', '2023-05-20 12:03:04', '2023-05-20 12:03:04'),
(454, 22, 'Bunza', '2023-05-20 12:03:04', '2023-05-20 12:03:04'),
(455, 22, 'Dandi', '2023-05-20 12:03:04', '2023-05-20 12:03:04'),
(456, 22, 'Fakai', '2023-05-20 12:03:04', '2023-05-20 12:03:04'),
(457, 22, 'Gwandu', '2023-05-20 12:03:04', '2023-05-20 12:03:04'),
(458, 22, 'Jega', '2023-05-20 12:03:04', '2023-05-20 12:03:04'),
(459, 22, 'Kalgo', '2023-05-20 12:03:04', '2023-05-20 12:03:04'),
(460, 22, 'Koko/Besse', '2023-05-20 12:03:04', '2023-05-20 12:03:04'),
(461, 22, 'Maiyama', '2023-05-20 12:03:04', '2023-05-20 12:03:04'),
(462, 22, 'Ngaski', '2023-05-20 12:03:04', '2023-05-20 12:03:04'),
(463, 22, 'Sakaba', '2023-05-20 12:03:04', '2023-05-20 12:03:04'),
(464, 22, 'Shanga', '2023-05-20 12:03:04', '2023-05-20 12:03:04'),
(465, 22, 'Suru', '2023-05-20 12:03:04', '2023-05-20 12:03:04'),
(466, 22, 'Wasagu/Danko', '2023-05-20 12:03:04', '2023-05-20 12:03:04'),
(467, 22, 'Yauri', '2023-05-20 12:03:04', '2023-05-20 12:03:04'),
(468, 22, 'Zuru', '2023-05-20 12:03:04', '2023-05-20 12:03:04'),
(469, 23, 'Adavi', '2023-05-20 12:03:04', '2023-05-20 12:03:04'),
(470, 23, 'Ajaokuta', '2023-05-20 12:03:04', '2023-05-20 12:03:04'),
(471, 23, 'Ankpa', '2023-05-20 12:03:04', '2023-05-20 12:03:04'),
(472, 23, 'Bassa', '2023-05-20 12:03:04', '2023-05-20 12:03:04'),
(473, 23, 'Dekina', '2023-05-20 12:03:04', '2023-05-20 12:03:04'),
(474, 23, 'Ibaji', '2023-05-20 12:03:04', '2023-05-20 12:03:04'),
(475, 23, 'Idah', '2023-05-20 12:03:04', '2023-05-20 12:03:04'),
(476, 23, 'Igalamela Odolu', '2023-05-20 12:03:04', '2023-05-20 12:03:04'),
(477, 23, 'Ijumu', '2023-05-20 12:03:04', '2023-05-20 12:03:04'),
(478, 23, 'Kabba/Bunu', '2023-05-20 12:03:04', '2023-05-20 12:03:04'),
(479, 23, 'Kogi', '2023-05-20 12:03:04', '2023-05-20 12:03:04'),
(480, 23, 'Lokoja', '2023-05-20 12:03:04', '2023-05-20 12:03:04'),
(481, 23, 'Mopa Muro', '2023-05-20 12:03:04', '2023-05-20 12:03:04'),
(482, 23, 'Ofu', '2023-05-20 12:03:04', '2023-05-20 12:03:04'),
(483, 23, 'Ogori/Magongo', '2023-05-20 12:03:04', '2023-05-20 12:03:04'),
(484, 23, 'Okehi', '2023-05-20 12:03:04', '2023-05-20 12:03:04'),
(485, 23, 'Okene', '2023-05-20 12:03:04', '2023-05-20 12:03:04'),
(486, 23, 'Olamaboro', '2023-05-20 12:03:04', '2023-05-20 12:03:04'),
(487, 23, 'Omala', '2023-05-20 12:03:04', '2023-05-20 12:03:04'),
(488, 23, 'Yagba East', '2023-05-20 12:03:04', '2023-05-20 12:03:04'),
(489, 23, 'Yagba West', '2023-05-20 12:03:04', '2023-05-20 12:03:04'),
(490, 24, 'Asa', '2023-05-20 12:03:04', '2023-05-20 12:03:04'),
(491, 24, 'Baruten', '2023-05-20 12:03:04', '2023-05-20 12:03:04'),
(492, 24, 'Edu', '2023-05-20 12:03:04', '2023-05-20 12:03:04'),
(493, 24, 'Ekiti, Kwara State', '2023-05-20 12:03:04', '2023-05-20 12:03:04'),
(494, 24, 'Ifelodun', '2023-05-20 12:03:04', '2023-05-20 12:03:04'),
(495, 24, 'Ilorin East', '2023-05-20 12:03:04', '2023-05-20 12:03:04'),
(496, 24, 'Ilorin South', '2023-05-20 12:03:04', '2023-05-20 12:03:04'),
(497, 24, 'Ilorin West', '2023-05-20 12:03:04', '2023-05-20 12:03:04'),
(498, 24, 'Irepodun', '2023-05-20 12:03:04', '2023-05-20 12:03:04'),
(499, 24, 'Isin', '2023-05-20 12:03:04', '2023-05-20 12:03:04'),
(500, 24, 'Kaiama', '2023-05-20 12:03:04', '2023-05-20 12:03:04'),
(501, 24, 'Moro', '2023-05-20 12:03:04', '2023-05-20 12:03:04'),
(502, 24, 'Offa', '2023-05-20 12:03:04', '2023-05-20 12:03:04'),
(503, 24, 'Oke Ero', '2023-05-20 12:03:04', '2023-05-20 12:03:04'),
(504, 24, 'Oyun', '2023-05-20 12:03:04', '2023-05-20 12:03:04'),
(505, 24, 'Pategi', '2023-05-20 12:03:04', '2023-05-20 12:03:04'),
(506, 25, 'Agege', '2023-05-20 12:03:04', '2023-05-20 12:03:04'),
(507, 25, 'Ajeromi-Ifelodun', '2023-05-20 12:03:04', '2023-05-20 12:03:04'),
(508, 25, 'Alimosho', '2023-05-20 12:03:04', '2023-05-20 12:03:04'),
(509, 25, 'Amuwo-Odofin', '2023-05-20 12:03:04', '2023-05-20 12:03:04'),
(510, 25, 'Apapa', '2023-05-20 12:03:04', '2023-05-20 12:03:04'),
(511, 25, 'Badagry', '2023-05-20 12:03:04', '2023-05-20 12:03:04'),
(512, 25, 'Epe', '2023-05-20 12:03:04', '2023-05-20 12:03:04'),
(513, 25, 'Eti Osa', '2023-05-20 12:03:04', '2023-05-20 12:03:04'),
(514, 25, 'Ibeju-Lekki', '2023-05-20 12:03:04', '2023-05-20 12:03:04'),
(515, 25, 'Ifako-Ijaiye', '2023-05-20 12:03:04', '2023-05-20 12:03:04'),
(516, 25, 'Ikeja', '2023-05-20 12:03:04', '2023-05-20 12:03:04'),
(517, 25, 'Ikorodu', '2023-05-20 12:03:04', '2023-05-20 12:03:04'),
(518, 25, 'Kosofe', '2023-05-20 12:03:04', '2023-05-20 12:03:04'),
(519, 25, 'Lagos Island', '2023-05-20 12:03:04', '2023-05-20 12:03:04'),
(520, 25, 'Lagos Mainland', '2023-05-20 12:03:04', '2023-05-20 12:03:04'),
(521, 25, 'Mushin', '2023-05-20 12:03:04', '2023-05-20 12:03:04'),
(522, 25, 'Ojo', '2023-05-20 12:03:04', '2023-05-20 12:03:04'),
(523, 25, 'Oshodi-Isolo', '2023-05-20 12:03:04', '2023-05-20 12:03:04'),
(524, 25, 'Shomolu', '2023-05-20 12:03:04', '2023-05-20 12:03:04'),
(525, 25, 'Surulere, Lagos State', '2023-05-20 12:03:04', '2023-05-20 12:03:04'),
(526, 26, 'Akwanga', '2023-05-20 12:03:04', '2023-05-20 12:03:04'),
(527, 26, 'Awe', '2023-05-20 12:03:04', '2023-05-20 12:03:04'),
(528, 26, 'Doma', '2023-05-20 12:03:04', '2023-05-20 12:03:04'),
(529, 26, 'Karu', '2023-05-20 12:03:04', '2023-05-20 12:03:04'),
(530, 26, 'Keana', '2023-05-20 12:03:04', '2023-05-20 12:03:04'),
(531, 26, 'Keffi', '2023-05-20 12:03:04', '2023-05-20 12:03:04'),
(532, 26, 'Kokona', '2023-05-20 12:03:04', '2023-05-20 12:03:04'),
(533, 26, 'Lafia', '2023-05-20 12:03:04', '2023-05-20 12:03:04'),
(534, 26, 'Nasarawa', '2023-05-20 12:03:04', '2023-05-20 12:03:04'),
(535, 26, 'Nasarawa Egon', '2023-05-20 12:03:04', '2023-05-20 12:03:04'),
(536, 26, 'Obi', '2023-05-20 12:03:04', '2023-05-20 12:03:04'),
(537, 26, 'Toto', '2023-05-20 12:03:04', '2023-05-20 12:03:04'),
(538, 26, 'Wamba', '2023-05-20 12:03:04', '2023-05-20 12:03:04'),
(539, 27, 'Agaie', '2023-05-20 12:03:04', '2023-05-20 12:03:04'),
(540, 27, 'Agwara', '2023-05-20 12:03:04', '2023-05-20 12:03:04'),
(541, 27, 'Bida', '2023-05-20 12:03:04', '2023-05-20 12:03:04'),
(542, 27, 'Borgu', '2023-05-20 12:03:04', '2023-05-20 12:03:04'),
(543, 27, 'Bosso', '2023-05-20 12:03:04', '2023-05-20 12:03:04'),
(544, 27, 'Chanchaga', '2023-05-20 12:03:04', '2023-05-20 12:03:04'),
(545, 27, 'Edati', '2023-05-20 12:03:04', '2023-05-20 12:03:04'),
(546, 27, 'Gbako', '2023-05-20 12:03:04', '2023-05-20 12:03:04'),
(547, 27, 'Gurara', '2023-05-20 12:03:04', '2023-05-20 12:03:04'),
(548, 27, 'Katcha', '2023-05-20 12:03:04', '2023-05-20 12:03:04'),
(549, 27, 'Kontagora', '2023-05-20 12:03:04', '2023-05-20 12:03:04'),
(550, 27, 'Lapai', '2023-05-20 12:03:05', '2023-05-20 12:03:05'),
(551, 27, 'Lavun', '2023-05-20 12:03:05', '2023-05-20 12:03:05'),
(552, 27, 'Magama', '2023-05-20 12:03:05', '2023-05-20 12:03:05'),
(553, 27, 'Mariga', '2023-05-20 12:03:05', '2023-05-20 12:03:05'),
(554, 27, 'Mashegu', '2023-05-20 12:03:05', '2023-05-20 12:03:05'),
(555, 27, 'Mokwa', '2023-05-20 12:03:05', '2023-05-20 12:03:05'),
(556, 27, 'Moya', '2023-05-20 12:03:05', '2023-05-20 12:03:05'),
(557, 27, 'Paikoro', '2023-05-20 12:03:05', '2023-05-20 12:03:05'),
(558, 27, 'Rafi', '2023-05-20 12:03:05', '2023-05-20 12:03:05'),
(559, 27, 'Rijau', '2023-05-20 12:03:05', '2023-05-20 12:03:05'),
(560, 27, 'Shiroro', '2023-05-20 12:03:05', '2023-05-20 12:03:05'),
(561, 27, 'Suleja', '2023-05-20 12:03:05', '2023-05-20 12:03:05'),
(562, 27, 'Tafa', '2023-05-20 12:03:05', '2023-05-20 12:03:05'),
(563, 27, 'Wushishi', '2023-05-20 12:03:05', '2023-05-20 12:03:05'),
(564, 28, 'Abeokuta North', '2023-05-20 12:03:05', '2023-05-20 12:03:05'),
(565, 28, 'Abeokuta South', '2023-05-20 12:03:05', '2023-05-20 12:03:05'),
(566, 28, 'Ado-Odo/Ota', '2023-05-20 12:03:05', '2023-05-20 12:03:05'),
(567, 28, 'Egbado North', '2023-05-20 12:03:05', '2023-05-20 12:03:05'),
(568, 28, 'Egbado South', '2023-05-20 12:03:05', '2023-05-20 12:03:05'),
(569, 28, 'Ewekoro', '2023-05-20 12:03:05', '2023-05-20 12:03:05'),
(570, 28, 'Ifo', '2023-05-20 12:03:05', '2023-05-20 12:03:05'),
(571, 28, 'Ijebu East', '2023-05-20 12:03:05', '2023-05-20 12:03:05'),
(572, 28, 'Ijebu North', '2023-05-20 12:03:05', '2023-05-20 12:03:05'),
(573, 28, 'Ijebu North East', '2023-05-20 12:03:05', '2023-05-20 12:03:05'),
(574, 28, 'Ijebu Ode', '2023-05-20 12:03:05', '2023-05-20 12:03:05'),
(575, 28, 'Ikenne', '2023-05-20 12:03:05', '2023-05-20 12:03:05'),
(576, 28, 'Imeko Afon', '2023-05-20 12:03:05', '2023-05-20 12:03:05'),
(577, 28, 'Ipokia', '2023-05-20 12:03:05', '2023-05-20 12:03:05'),
(578, 28, 'Obafemi Owode', '2023-05-20 12:03:05', '2023-05-20 12:03:05'),
(579, 28, 'Odeda', '2023-05-20 12:03:05', '2023-05-20 12:03:05'),
(580, 28, 'Odogbolu', '2023-05-20 12:03:05', '2023-05-20 12:03:05'),
(581, 28, 'Ogun Waterside', '2023-05-20 12:03:05', '2023-05-20 12:03:05'),
(582, 28, 'Remo North', '2023-05-20 12:03:05', '2023-05-20 12:03:05'),
(583, 28, 'Shagamu', '2023-05-20 12:03:05', '2023-05-20 12:03:05'),
(584, 29, 'Akoko North-East', '2023-05-20 12:03:05', '2023-05-20 12:03:05'),
(585, 29, 'Akoko North-West', '2023-05-20 12:03:05', '2023-05-20 12:03:05'),
(586, 29, 'Akoko South-West', '2023-05-20 12:03:05', '2023-05-20 12:03:05'),
(587, 29, 'Akoko South-East', '2023-05-20 12:03:05', '2023-05-20 12:03:05'),
(588, 29, 'Akure North', '2023-05-20 12:03:05', '2023-05-20 12:03:05'),
(589, 29, 'Akure South', '2023-05-20 12:03:05', '2023-05-20 12:03:05'),
(590, 29, 'Ese Odo', '2023-05-20 12:03:05', '2023-05-20 12:03:05'),
(591, 29, 'Idanre', '2023-05-20 12:03:05', '2023-05-20 12:03:05'),
(592, 29, 'Ifedore', '2023-05-20 12:03:05', '2023-05-20 12:03:05'),
(593, 29, 'Ilaje', '2023-05-20 12:03:05', '2023-05-20 12:03:05'),
(594, 29, 'Ile Oluji/Okeigbo', '2023-05-20 12:03:05', '2023-05-20 12:03:05'),
(595, 29, 'Irele', '2023-05-20 12:03:05', '2023-05-20 12:03:05'),
(596, 29, 'Odigbo', '2023-05-20 12:03:05', '2023-05-20 12:03:05'),
(597, 29, 'Okitipupa', '2023-05-20 12:03:05', '2023-05-20 12:03:05'),
(598, 29, 'Ondo East', '2023-05-20 12:03:05', '2023-05-20 12:03:05'),
(599, 29, 'Ondo West', '2023-05-20 12:03:05', '2023-05-20 12:03:05'),
(600, 29, 'Ose', '2023-05-20 12:03:05', '2023-05-20 12:03:05'),
(601, 29, 'Owo', '2023-05-20 12:03:05', '2023-05-20 12:03:05'),
(602, 30, 'Atakunmosa East', '2023-05-20 12:03:05', '2023-05-20 12:03:05'),
(603, 30, 'Atakunmosa West', '2023-05-20 12:03:05', '2023-05-20 12:03:05'),
(604, 30, 'Aiyedaade', '2023-05-20 12:03:05', '2023-05-20 12:03:05'),
(605, 30, 'Aiyedire', '2023-05-20 12:03:05', '2023-05-20 12:03:05'),
(606, 30, 'Boluwaduro', '2023-05-20 12:03:05', '2023-05-20 12:03:05'),
(607, 30, 'Boripe', '2023-05-20 12:03:05', '2023-05-20 12:03:05'),
(608, 30, 'Ede North', '2023-05-20 12:03:05', '2023-05-20 12:03:05'),
(609, 30, 'Ede South', '2023-05-20 12:03:05', '2023-05-20 12:03:05'),
(610, 30, 'Ife Central', '2023-05-20 12:03:05', '2023-05-20 12:03:05'),
(611, 30, 'Ife East', '2023-05-20 12:03:05', '2023-05-20 12:03:05'),
(612, 30, 'Ife North', '2023-05-20 12:03:05', '2023-05-20 12:03:05'),
(613, 30, 'Ife South', '2023-05-20 12:03:05', '2023-05-20 12:03:05'),
(614, 30, 'Egbedore', '2023-05-20 12:03:05', '2023-05-20 12:03:05'),
(615, 30, 'Ejigbo', '2023-05-20 12:03:05', '2023-05-20 12:03:05'),
(616, 30, 'Ifedayo', '2023-05-20 12:03:05', '2023-05-20 12:03:05'),
(617, 30, 'Ifelodun', '2023-05-20 12:03:05', '2023-05-20 12:03:05'),
(618, 30, 'Ila', '2023-05-20 12:03:05', '2023-05-20 12:03:05'),
(619, 30, 'Ilesa East', '2023-05-20 12:03:05', '2023-05-20 12:03:05'),
(620, 30, 'Ilesa West', '2023-05-20 12:03:05', '2023-05-20 12:03:05'),
(621, 30, 'Irepodun', '2023-05-20 12:03:05', '2023-05-20 12:03:05'),
(622, 30, 'Irewole', '2023-05-20 12:03:05', '2023-05-20 12:03:05'),
(623, 30, 'Isokan', '2023-05-20 12:03:05', '2023-05-20 12:03:05'),
(624, 30, 'Iwo', '2023-05-20 12:03:05', '2023-05-20 12:03:05'),
(625, 30, 'Obokun', '2023-05-20 12:03:05', '2023-05-20 12:03:05'),
(626, 30, 'Odo Otin', '2023-05-20 12:03:05', '2023-05-20 12:03:05'),
(627, 30, 'Ola Oluwa', '2023-05-20 12:03:05', '2023-05-20 12:03:05'),
(628, 30, 'Olorunda', '2023-05-20 12:03:05', '2023-05-20 12:03:05'),
(629, 30, 'Oriade', '2023-05-20 12:03:05', '2023-05-20 12:03:05'),
(630, 30, 'Orolu', '2023-05-20 12:03:05', '2023-05-20 12:03:05'),
(631, 30, 'Osogbo', '2023-05-20 12:03:05', '2023-05-20 12:03:05'),
(632, 31, 'Afijio', '2023-05-20 12:03:05', '2023-05-20 12:03:05'),
(633, 31, 'Akinyele', '2023-05-20 12:03:05', '2023-05-20 12:03:05'),
(634, 31, 'Atiba', '2023-05-20 12:03:05', '2023-05-20 12:03:05'),
(635, 31, 'Atisbo', '2023-05-20 12:03:05', '2023-05-20 12:03:05'),
(636, 31, 'Egbeda', '2023-05-20 12:03:05', '2023-05-20 12:03:05'),
(637, 31, 'Ibadan North', '2023-05-20 12:03:05', '2023-05-20 12:03:05'),
(638, 31, 'Ibadan North-East', '2023-05-20 12:03:05', '2023-05-20 12:03:05'),
(639, 31, 'Ibadan North-West', '2023-05-20 12:03:05', '2023-05-20 12:03:05'),
(640, 31, 'Ibadan South-East', '2023-05-20 12:03:05', '2023-05-20 12:03:05'),
(641, 31, 'Ibadan South-West', '2023-05-20 12:03:05', '2023-05-20 12:03:05'),
(642, 31, 'Ibarapa Central', '2023-05-20 12:03:05', '2023-05-20 12:03:05'),
(643, 31, 'Ibarapa East', '2023-05-20 12:03:05', '2023-05-20 12:03:05'),
(644, 31, 'Ibarapa North', '2023-05-20 12:03:05', '2023-05-20 12:03:05'),
(645, 31, 'Ido', '2023-05-20 12:03:05', '2023-05-20 12:03:05'),
(646, 31, 'Irepo', '2023-05-20 12:03:05', '2023-05-20 12:03:05'),
(647, 31, 'Iseyin', '2023-05-20 12:03:05', '2023-05-20 12:03:05'),
(648, 31, 'Itesiwaju', '2023-05-20 12:03:05', '2023-05-20 12:03:05'),
(649, 31, 'Iwajowa', '2023-05-20 12:03:05', '2023-05-20 12:03:05'),
(650, 31, 'Kajola', '2023-05-20 12:03:05', '2023-05-20 12:03:05'),
(651, 31, 'Lagelu', '2023-05-20 12:03:05', '2023-05-20 12:03:05'),
(652, 31, 'Ogbomosho North', '2023-05-20 12:03:05', '2023-05-20 12:03:05'),
(653, 31, 'Ogbomosho South', '2023-05-20 12:03:05', '2023-05-20 12:03:05'),
(654, 31, 'Ogo Oluwa', '2023-05-20 12:03:05', '2023-05-20 12:03:05'),
(655, 31, 'Olorunsogo', '2023-05-20 12:03:05', '2023-05-20 12:03:05'),
(656, 31, 'Oluyole', '2023-05-20 12:03:05', '2023-05-20 12:03:05'),
(657, 31, 'Ona Ara', '2023-05-20 12:03:05', '2023-05-20 12:03:05'),
(658, 31, 'Orelope', '2023-05-20 12:03:05', '2023-05-20 12:03:05'),
(659, 31, 'Ori Ire', '2023-05-20 12:03:05', '2023-05-20 12:03:05'),
(660, 31, 'Oyo', '2023-05-20 12:03:05', '2023-05-20 12:03:05'),
(661, 31, 'Oyo East', '2023-05-20 12:03:05', '2023-05-20 12:03:05'),
(662, 31, 'Saki East', '2023-05-20 12:03:05', '2023-05-20 12:03:05'),
(663, 31, 'Saki West', '2023-05-20 12:03:05', '2023-05-20 12:03:05'),
(664, 31, 'Surulere, Oyo State', '2023-05-20 12:03:05', '2023-05-20 12:03:05'),
(665, 32, 'Bokkos', '2023-05-20 12:03:05', '2023-05-20 12:03:05'),
(666, 32, 'Barkin Ladi', '2023-05-20 12:03:05', '2023-05-20 12:03:05'),
(667, 32, 'Bassa', '2023-05-20 12:03:05', '2023-05-20 12:03:05'),
(668, 32, 'Jos East', '2023-05-20 12:03:05', '2023-05-20 12:03:05'),
(669, 32, 'Jos North', '2023-05-20 12:03:05', '2023-05-20 12:03:05'),
(670, 32, 'Jos South', '2023-05-20 12:03:05', '2023-05-20 12:03:05'),
(671, 32, 'Kanam', '2023-05-20 12:03:05', '2023-05-20 12:03:05'),
(672, 32, 'Kanke', '2023-05-20 12:03:05', '2023-05-20 12:03:05'),
(673, 32, 'Langtang South', '2023-05-20 12:03:05', '2023-05-20 12:03:05'),
(674, 32, 'Langtang North', '2023-05-20 12:03:05', '2023-05-20 12:03:05'),
(675, 32, 'Mangu', '2023-05-20 12:03:05', '2023-05-20 12:03:05'),
(676, 32, 'Mikang', '2023-05-20 12:03:05', '2023-05-20 12:03:05'),
(677, 32, 'Pankshin', '2023-05-20 12:03:05', '2023-05-20 12:03:05'),
(678, 32, 'Qua\'an Pan', '2023-05-20 12:03:05', '2023-05-20 12:03:05'),
(679, 32, 'Riyom', '2023-05-20 12:03:05', '2023-05-20 12:03:05'),
(680, 32, 'Shendam', '2023-05-20 12:03:05', '2023-05-20 12:03:05'),
(681, 32, 'Wase', '2023-05-20 12:03:05', '2023-05-20 12:03:05'),
(682, 33, 'Abua/Odual', '2023-05-20 12:03:05', '2023-05-20 12:03:05'),
(683, 33, 'Ahoada East', '2023-05-20 12:03:05', '2023-05-20 12:03:05'),
(684, 33, 'Ahoada West', '2023-05-20 12:03:05', '2023-05-20 12:03:05'),
(685, 33, 'Akuku-Toru', '2023-05-20 12:03:05', '2023-05-20 12:03:05'),
(686, 33, 'Andoni', '2023-05-20 12:03:05', '2023-05-20 12:03:05'),
(687, 33, 'Asari-Toru', '2023-05-20 12:03:05', '2023-05-20 12:03:05'),
(688, 33, 'Bonny', '2023-05-20 12:03:05', '2023-05-20 12:03:05'),
(689, 33, 'Degema', '2023-05-20 12:03:05', '2023-05-20 12:03:05'),
(690, 33, 'Eleme', '2023-05-20 12:03:05', '2023-05-20 12:03:05'),
(691, 33, 'Emuoha', '2023-05-20 12:03:05', '2023-05-20 12:03:05'),
(692, 33, 'Etche', '2023-05-20 12:03:05', '2023-05-20 12:03:05'),
(693, 33, 'Gokana', '2023-05-20 12:03:05', '2023-05-20 12:03:05'),
(694, 33, 'Ikwerre', '2023-05-20 12:03:05', '2023-05-20 12:03:05'),
(695, 33, 'Khana', '2023-05-20 12:03:05', '2023-05-20 12:03:05'),
(696, 33, 'Obio/Akpor', '2023-05-20 12:03:05', '2023-05-20 12:03:05'),
(697, 33, 'Ogba/Egbema/Ndoni', '2023-05-20 12:03:05', '2023-05-20 12:03:05'),
(698, 33, 'Ogu/Bolo', '2023-05-20 12:03:05', '2023-05-20 12:03:05'),
(699, 33, 'Okrika', '2023-05-20 12:03:05', '2023-05-20 12:03:05'),
(700, 33, 'Omuma', '2023-05-20 12:03:05', '2023-05-20 12:03:05'),
(701, 33, 'Opobo/Nkoro', '2023-05-20 12:03:05', '2023-05-20 12:03:05'),
(702, 33, 'Oyigbo', '2023-05-20 12:03:05', '2023-05-20 12:03:05'),
(703, 33, 'Port Harcourt', '2023-05-20 12:03:05', '2023-05-20 12:03:05'),
(704, 33, 'Tai', '2023-05-20 12:03:05', '2023-05-20 12:03:05'),
(705, 34, 'Binji', '2023-05-20 12:03:05', '2023-05-20 12:03:05'),
(706, 34, 'Bodinga', '2023-05-20 12:03:05', '2023-05-20 12:03:05'),
(707, 34, 'Dange Shuni', '2023-05-20 12:03:05', '2023-05-20 12:03:05'),
(708, 34, 'Gada', '2023-05-20 12:03:05', '2023-05-20 12:03:05'),
(709, 34, 'Goronyo', '2023-05-20 12:03:05', '2023-05-20 12:03:05'),
(710, 34, 'Gudu', '2023-05-20 12:03:05', '2023-05-20 12:03:05'),
(711, 34, 'Gwadabawa', '2023-05-20 12:03:05', '2023-05-20 12:03:05'),
(712, 34, 'Illela', '2023-05-20 12:03:05', '2023-05-20 12:03:05'),
(713, 34, 'Isa', '2023-05-20 12:03:05', '2023-05-20 12:03:05'),
(714, 34, 'Kebbe', '2023-05-20 12:03:05', '2023-05-20 12:03:05'),
(715, 34, 'Kware', '2023-05-20 12:03:05', '2023-05-20 12:03:05'),
(716, 34, 'Rabah', '2023-05-20 12:03:05', '2023-05-20 12:03:05'),
(717, 34, 'Sabon Birni', '2023-05-20 12:03:05', '2023-05-20 12:03:05'),
(718, 34, 'Shagari', '2023-05-20 12:03:05', '2023-05-20 12:03:05'),
(719, 34, 'Silame', '2023-05-20 12:03:05', '2023-05-20 12:03:05'),
(720, 34, 'Sokoto North', '2023-05-20 12:03:05', '2023-05-20 12:03:05'),
(721, 34, 'Sokoto South', '2023-05-20 12:03:05', '2023-05-20 12:03:05'),
(722, 34, 'Tambuwal', '2023-05-20 12:03:05', '2023-05-20 12:03:05'),
(723, 34, 'Tangaza', '2023-05-20 12:03:05', '2023-05-20 12:03:05'),
(724, 34, 'Tureta', '2023-05-20 12:03:05', '2023-05-20 12:03:05'),
(725, 34, 'Wamako', '2023-05-20 12:03:05', '2023-05-20 12:03:05'),
(726, 34, 'Wurno', '2023-05-20 12:03:05', '2023-05-20 12:03:05'),
(727, 34, 'Yabo', '2023-05-20 12:03:05', '2023-05-20 12:03:05'),
(728, 35, 'Ardo Kola', '2023-05-20 12:03:05', '2023-05-20 12:03:05'),
(729, 35, 'Bali', '2023-05-20 12:03:05', '2023-05-20 12:03:05'),
(730, 35, 'Donga', '2023-05-20 12:03:05', '2023-05-20 12:03:05'),
(731, 35, 'Gashaka', '2023-05-20 12:03:05', '2023-05-20 12:03:05'),
(732, 35, 'Gassol', '2023-05-20 12:03:05', '2023-05-20 12:03:05'),
(733, 35, 'Ibi', '2023-05-20 12:03:05', '2023-05-20 12:03:05'),
(734, 35, 'Jalingo', '2023-05-20 12:03:05', '2023-05-20 12:03:05'),
(735, 35, 'Karim Lamido', '2023-05-20 12:03:05', '2023-05-20 12:03:05'),
(736, 35, 'Kumi', '2023-05-20 12:03:05', '2023-05-20 12:03:05'),
(737, 35, 'Lau', '2023-05-20 12:03:05', '2023-05-20 12:03:05'),
(738, 35, 'Sardauna', '2023-05-20 12:03:05', '2023-05-20 12:03:05'),
(739, 35, 'Takum', '2023-05-20 12:03:05', '2023-05-20 12:03:05'),
(740, 35, 'Ussa', '2023-05-20 12:03:05', '2023-05-20 12:03:05'),
(741, 35, 'Wukari', '2023-05-20 12:03:05', '2023-05-20 12:03:05'),
(742, 35, 'Yorro', '2023-05-20 12:03:05', '2023-05-20 12:03:05'),
(743, 35, 'Zing', '2023-05-20 12:03:05', '2023-05-20 12:03:05'),
(744, 36, 'Bade', '2023-05-20 12:03:05', '2023-05-20 12:03:05'),
(745, 36, 'Bursari', '2023-05-20 12:03:05', '2023-05-20 12:03:05'),
(746, 36, 'Damaturu', '2023-05-20 12:03:05', '2023-05-20 12:03:05'),
(747, 36, 'Fika', '2023-05-20 12:03:05', '2023-05-20 12:03:05'),
(748, 36, 'Fune', '2023-05-20 12:03:05', '2023-05-20 12:03:05'),
(749, 36, 'Geidam', '2023-05-20 12:03:05', '2023-05-20 12:03:05'),
(750, 36, 'Gujba', '2023-05-20 12:03:05', '2023-05-20 12:03:05'),
(751, 36, 'Gulani', '2023-05-20 12:03:05', '2023-05-20 12:03:05'),
(752, 36, 'Jakusko', '2023-05-20 12:03:05', '2023-05-20 12:03:05'),
(753, 36, 'Karasuwa', '2023-05-20 12:03:05', '2023-05-20 12:03:05');
INSERT INTO `lgas` (`id`, `state_id`, `name`, `created_at`, `updated_at`) VALUES
(754, 36, 'Machina', '2023-05-20 12:03:05', '2023-05-20 12:03:05'),
(755, 36, 'Nangere', '2023-05-20 12:03:05', '2023-05-20 12:03:05'),
(756, 36, 'Nguru', '2023-05-20 12:03:05', '2023-05-20 12:03:05'),
(757, 36, 'Potiskum', '2023-05-20 12:03:05', '2023-05-20 12:03:05'),
(758, 36, 'Tarmuwa', '2023-05-20 12:03:05', '2023-05-20 12:03:05'),
(759, 36, 'Yunusari', '2023-05-20 12:03:05', '2023-05-20 12:03:05'),
(760, 36, 'Yusufari', '2023-05-20 12:03:05', '2023-05-20 12:03:05'),
(761, 37, 'Anka', '2023-05-20 12:03:05', '2023-05-20 12:03:05'),
(762, 37, 'Bakura', '2023-05-20 12:03:05', '2023-05-20 12:03:05'),
(763, 37, 'Birnin Magaji/Kiyaw', '2023-05-20 12:03:05', '2023-05-20 12:03:05'),
(764, 37, 'Bukkuyum', '2023-05-20 12:03:05', '2023-05-20 12:03:05'),
(765, 37, 'Bungudu', '2023-05-20 12:03:05', '2023-05-20 12:03:05'),
(766, 37, 'Gummi', '2023-05-20 12:03:05', '2023-05-20 12:03:05'),
(767, 37, 'Gusau', '2023-05-20 12:03:05', '2023-05-20 12:03:05'),
(768, 37, 'Kaura Namoda', '2023-05-20 12:03:05', '2023-05-20 12:03:05'),
(769, 37, 'Maradun', '2023-05-20 12:03:05', '2023-05-20 12:03:05'),
(770, 37, 'Maru', '2023-05-20 12:03:05', '2023-05-20 12:03:05'),
(771, 37, 'Shinkafi', '2023-05-20 12:03:05', '2023-05-20 12:03:05'),
(772, 37, 'Talata Mafara', '2023-05-20 12:03:05', '2023-05-20 12:03:05'),
(773, 37, 'Chafe', '2023-05-20 12:03:05', '2023-05-20 12:03:05'),
(774, 37, 'Zurmi', '2023-05-20 12:03:05', '2023-05-20 12:03:05');

-- --------------------------------------------------------

--
-- بنية الجدول `marks`
--

CREATE TABLE `marks` (
  `id` int(10) UNSIGNED NOT NULL,
  `student_id` int(10) UNSIGNED NOT NULL,
  `subject_id` int(10) UNSIGNED NOT NULL,
  `my_class_id` int(10) UNSIGNED NOT NULL,
  `section_id` int(10) UNSIGNED NOT NULL,
  `exam_id` int(10) UNSIGNED NOT NULL,
  `t1` int(11) DEFAULT NULL,
  `t2` int(11) DEFAULT NULL,
  `t3` int(11) DEFAULT NULL,
  `t4` int(11) DEFAULT NULL,
  `tca` int(11) DEFAULT NULL,
  `exm` int(11) DEFAULT NULL,
  `tex1` int(11) DEFAULT NULL,
  `tex2` int(11) DEFAULT NULL,
  `tex3` int(11) DEFAULT NULL,
  `sub_pos` tinyint(4) DEFAULT NULL,
  `cum` int(11) DEFAULT NULL,
  `cum_ave` varchar(255) COLLATE utf8mb4_unicode_ci DEFAULT NULL,
  `grade_id` int(10) UNSIGNED DEFAULT NULL,
  `year` varchar(255) COLLATE utf8mb4_unicode_ci NOT NULL,
  `created_at` timestamp NULL DEFAULT NULL,
  `updated_at` timestamp NULL DEFAULT NULL
) ENGINE=InnoDB DEFAULT CHARSET=utf8mb4 COLLATE=utf8mb4_unicode_ci;

-- --------------------------------------------------------

--
-- بنية الجدول `migrations`
--

CREATE TABLE `migrations` (
  `id` int(10) UNSIGNED NOT NULL,
  `migration` varchar(255) COLLATE utf8mb4_unicode_ci NOT NULL,
  `batch` int(11) NOT NULL
) ENGINE=InnoDB DEFAULT CHARSET=utf8mb4 COLLATE=utf8mb4_unicode_ci;

--
-- إرجاع أو استيراد بيانات الجدول `migrations`
--

INSERT INTO `migrations` (`id`, `migration`, `batch`) VALUES
(1, '2013_09_20_121733_create_blood_groups_table', 1),
(2, '2013_09_22_124750_create_states_table', 1),
(3, '2013_09_22_124806_create_lgas_table', 1),
(4, '2013_09_26_121148_create_nationalities_table', 1),
(5, '2014_10_12_000000_create_users_table', 1),
(6, '2014_10_12_100000_create_password_resets_table', 1),
(7, '2018_09_20_100249_create_user_types_table', 1),
(8, '2018_09_20_150906_create_class_types_table', 1),
(9, '2018_09_22_073005_create_my_classes_table', 1),
(10, '2018_09_22_073526_create_sections_table', 1),
(11, '2018_09_22_080555_create_settings_table', 1),
(12, '2018_09_22_081302_create_subjects_table', 1),
(13, '2018_09_22_151514_create_student_records_table', 1),
(14, '2018_09_26_124241_create_dorms_table', 1),
(15, '2018_10_04_224910_create_exams_table', 1),
(16, '2018_10_06_224846_create_marks_table', 1),
(17, '2018_10_06_224944_create_grades_table', 1),
(18, '2018_10_06_225007_create_pins_table', 1),
(19, '2018_10_18_205550_create_skills_table', 1),
(20, '2018_10_18_205842_create_exam_records_table', 1),
(21, '2018_10_31_191358_create_books_table', 1),
(22, '2018_10_31_192540_create_book_requests_table', 1),
(23, '2018_11_01_132115_create_staff_records_table', 1),
(24, '2018_11_03_210758_create_payments_table', 1),
(25, '2018_11_03_210817_create_payment_records_table', 1),
(26, '2018_11_06_083707_create_receipts_table', 1),
(27, '2018_11_27_180401_create_time_tables_table', 1),
(28, '2019_09_22_142514_create_fks', 1),
(29, '2019_09_26_132227_create_promotions_table', 1);

-- --------------------------------------------------------

--
-- بنية الجدول `my_classes`
--

CREATE TABLE `my_classes` (
  `id` int(10) UNSIGNED NOT NULL,
  `name` varchar(100) COLLATE utf8mb4_unicode_ci NOT NULL,
  `class_type_id` int(10) UNSIGNED DEFAULT NULL,
  `created_at` timestamp NULL DEFAULT NULL,
  `updated_at` timestamp NULL DEFAULT NULL
) ENGINE=InnoDB DEFAULT CHARSET=utf8mb4 COLLATE=utf8mb4_unicode_ci;

--
-- إرجاع أو استيراد بيانات الجدول `my_classes`
--

INSERT INTO `my_classes` (`id`, `name`, `class_type_id`, `created_at`, `updated_at`) VALUES
(1, 'Nursery 1', 3, NULL, NULL),
(2, 'Nursery 2', 3, NULL, NULL),
(3, 'Nursery 3', 3, NULL, NULL),
(4, 'Primary 1', 4, NULL, NULL),
(5, 'Primary 2', 4, NULL, NULL),
(6, 'JSS 2', 5, NULL, NULL),
(7, 'JSS 3', 5, NULL, NULL),
(8, 'SSS 1', 6, NULL, NULL),
(9, 'SSS 2', 6, NULL, NULL),
(10, 'SSS 3', 6, NULL, NULL);

-- --------------------------------------------------------

--
-- بنية الجدول `nationalities`
--

CREATE TABLE `nationalities` (
  `id` int(10) UNSIGNED NOT NULL,
  `name` varchar(255) COLLATE utf8mb4_unicode_ci NOT NULL,
  `created_at` timestamp NULL DEFAULT NULL,
  `updated_at` timestamp NULL DEFAULT NULL
) ENGINE=InnoDB DEFAULT CHARSET=utf8mb4 COLLATE=utf8mb4_unicode_ci;

--
-- إرجاع أو استيراد بيانات الجدول `nationalities`
--

INSERT INTO `nationalities` (`id`, `name`, `created_at`, `updated_at`) VALUES
(1, 'Afghan', '2023-05-20 12:03:02', '2023-05-20 12:03:02'),
(2, 'Albanian', '2023-05-20 12:03:02', '2023-05-20 12:03:02'),
(3, 'Algerian', '2023-05-20 12:03:02', '2023-05-20 12:03:02'),
(4, 'American', '2023-05-20 12:03:02', '2023-05-20 12:03:02'),
(5, 'Andorran', '2023-05-20 12:03:02', '2023-05-20 12:03:02'),
(6, 'Angolan', '2023-05-20 12:03:02', '2023-05-20 12:03:02'),
(7, 'Antiguans', '2023-05-20 12:03:02', '2023-05-20 12:03:02'),
(8, 'Argentinean', '2023-05-20 12:03:02', '2023-05-20 12:03:02'),
(9, 'Armenian', '2023-05-20 12:03:02', '2023-05-20 12:03:02'),
(10, 'Australian', '2023-05-20 12:03:02', '2023-05-20 12:03:02'),
(11, 'Austrian', '2023-05-20 12:03:02', '2023-05-20 12:03:02'),
(12, 'Azerbaijani', '2023-05-20 12:03:02', '2023-05-20 12:03:02'),
(13, 'Bahamian', '2023-05-20 12:03:02', '2023-05-20 12:03:02'),
(14, 'Bahraini', '2023-05-20 12:03:02', '2023-05-20 12:03:02'),
(15, 'Bangladeshi', '2023-05-20 12:03:02', '2023-05-20 12:03:02'),
(16, 'Barbadian', '2023-05-20 12:03:02', '2023-05-20 12:03:02'),
(17, 'Barbudans', '2023-05-20 12:03:02', '2023-05-20 12:03:02'),
(18, 'Batswana', '2023-05-20 12:03:02', '2023-05-20 12:03:02'),
(19, 'Belarusian', '2023-05-20 12:03:02', '2023-05-20 12:03:02'),
(20, 'Belgian', '2023-05-20 12:03:02', '2023-05-20 12:03:02'),
(21, 'Belizean', '2023-05-20 12:03:02', '2023-05-20 12:03:02'),
(22, 'Beninese', '2023-05-20 12:03:02', '2023-05-20 12:03:02'),
(23, 'Bhutanese', '2023-05-20 12:03:02', '2023-05-20 12:03:02'),
(24, 'Bolivian', '2023-05-20 12:03:02', '2023-05-20 12:03:02'),
(25, 'Bosnian', '2023-05-20 12:03:02', '2023-05-20 12:03:02'),
(26, 'Brazilian', '2023-05-20 12:03:02', '2023-05-20 12:03:02'),
(27, 'British', '2023-05-20 12:03:02', '2023-05-20 12:03:02'),
(28, 'Bruneian', '2023-05-20 12:03:02', '2023-05-20 12:03:02'),
(29, 'Bulgarian', '2023-05-20 12:03:02', '2023-05-20 12:03:02'),
(30, 'Burkinabe', '2023-05-20 12:03:02', '2023-05-20 12:03:02'),
(31, 'Burmese', '2023-05-20 12:03:02', '2023-05-20 12:03:02'),
(32, 'Burundian', '2023-05-20 12:03:02', '2023-05-20 12:03:02'),
(33, 'Cambodian', '2023-05-20 12:03:02', '2023-05-20 12:03:02'),
(34, 'Cameroonian', '2023-05-20 12:03:02', '2023-05-20 12:03:02'),
(35, 'Canadian', '2023-05-20 12:03:02', '2023-05-20 12:03:02'),
(36, 'Cape Verdean', '2023-05-20 12:03:02', '2023-05-20 12:03:02'),
(37, 'Central African', '2023-05-20 12:03:02', '2023-05-20 12:03:02'),
(38, 'Chadian', '2023-05-20 12:03:02', '2023-05-20 12:03:02'),
(39, 'Chilean', '2023-05-20 12:03:02', '2023-05-20 12:03:02'),
(40, 'Chinese', '2023-05-20 12:03:02', '2023-05-20 12:03:02'),
(41, 'Colombian', '2023-05-20 12:03:02', '2023-05-20 12:03:02'),
(42, 'Comoran', '2023-05-20 12:03:02', '2023-05-20 12:03:02'),
(43, 'Congolese', '2023-05-20 12:03:02', '2023-05-20 12:03:02'),
(44, 'Costa Rican', '2023-05-20 12:03:02', '2023-05-20 12:03:02'),
(45, 'Croatian', '2023-05-20 12:03:02', '2023-05-20 12:03:02'),
(46, 'Cuban', '2023-05-20 12:03:02', '2023-05-20 12:03:02'),
(47, 'Cypriot', '2023-05-20 12:03:02', '2023-05-20 12:03:02'),
(48, 'Czech', '2023-05-20 12:03:02', '2023-05-20 12:03:02'),
(49, 'Danish', '2023-05-20 12:03:02', '2023-05-20 12:03:02'),
(50, 'Djibouti', '2023-05-20 12:03:02', '2023-05-20 12:03:02'),
(51, 'Dominican', '2023-05-20 12:03:02', '2023-05-20 12:03:02'),
(52, 'Dutch', '2023-05-20 12:03:02', '2023-05-20 12:03:02'),
(53, 'East Timorese', '2023-05-20 12:03:02', '2023-05-20 12:03:02'),
(54, 'Ecuadorean', '2023-05-20 12:03:02', '2023-05-20 12:03:02'),
(55, 'Egyptian', '2023-05-20 12:03:02', '2023-05-20 12:03:02'),
(56, 'Emirian', '2023-05-20 12:03:02', '2023-05-20 12:03:02'),
(57, 'Equatorial Guinean', '2023-05-20 12:03:02', '2023-05-20 12:03:02'),
(58, 'Eritrean', '2023-05-20 12:03:02', '2023-05-20 12:03:02'),
(59, 'Estonian', '2023-05-20 12:03:02', '2023-05-20 12:03:02'),
(60, 'Ethiopian', '2023-05-20 12:03:02', '2023-05-20 12:03:02'),
(61, 'Fijian', '2023-05-20 12:03:02', '2023-05-20 12:03:02'),
(62, 'Filipino', '2023-05-20 12:03:02', '2023-05-20 12:03:02'),
(63, 'Finnish', '2023-05-20 12:03:02', '2023-05-20 12:03:02'),
(64, 'French', '2023-05-20 12:03:02', '2023-05-20 12:03:02'),
(65, 'Gabonese', '2023-05-20 12:03:02', '2023-05-20 12:03:02'),
(66, 'Gambian', '2023-05-20 12:03:02', '2023-05-20 12:03:02'),
(67, 'Georgian', '2023-05-20 12:03:02', '2023-05-20 12:03:02'),
(68, 'German', '2023-05-20 12:03:02', '2023-05-20 12:03:02'),
(69, 'Ghanaian', '2023-05-20 12:03:02', '2023-05-20 12:03:02'),
(70, 'Greek', '2023-05-20 12:03:02', '2023-05-20 12:03:02'),
(71, 'Grenadian', '2023-05-20 12:03:02', '2023-05-20 12:03:02'),
(72, 'Guatemalan', '2023-05-20 12:03:02', '2023-05-20 12:03:02'),
(73, 'Guinea-Bissauan', '2023-05-20 12:03:02', '2023-05-20 12:03:02'),
(74, 'Guinean', '2023-05-20 12:03:02', '2023-05-20 12:03:02'),
(75, 'Guyanese', '2023-05-20 12:03:02', '2023-05-20 12:03:02'),
(76, 'Haitian', '2023-05-20 12:03:02', '2023-05-20 12:03:02'),
(77, 'Herzegovinian', '2023-05-20 12:03:02', '2023-05-20 12:03:02'),
(78, 'Honduran', '2023-05-20 12:03:02', '2023-05-20 12:03:02'),
(79, 'Hungarian', '2023-05-20 12:03:02', '2023-05-20 12:03:02'),
(80, 'I-Kiribati', '2023-05-20 12:03:02', '2023-05-20 12:03:02'),
(81, 'Icelander', '2023-05-20 12:03:02', '2023-05-20 12:03:02'),
(82, 'Indian', '2023-05-20 12:03:02', '2023-05-20 12:03:02'),
(83, 'Indonesian', '2023-05-20 12:03:02', '2023-05-20 12:03:02'),
(84, 'Iranian', '2023-05-20 12:03:02', '2023-05-20 12:03:02'),
(85, 'Iraqi', '2023-05-20 12:03:02', '2023-05-20 12:03:02'),
(86, 'Irish', '2023-05-20 12:03:02', '2023-05-20 12:03:02'),
(87, 'Israeli', '2023-05-20 12:03:02', '2023-05-20 12:03:02'),
(88, 'Italian', '2023-05-20 12:03:02', '2023-05-20 12:03:02'),
(89, 'Ivorian', '2023-05-20 12:03:02', '2023-05-20 12:03:02'),
(90, 'Jamaican', '2023-05-20 12:03:02', '2023-05-20 12:03:02'),
(91, 'Japanese', '2023-05-20 12:03:02', '2023-05-20 12:03:02'),
(92, 'Jordanian', '2023-05-20 12:03:02', '2023-05-20 12:03:02'),
(93, 'Kazakhstani', '2023-05-20 12:03:02', '2023-05-20 12:03:02'),
(94, 'Kenyan', '2023-05-20 12:03:02', '2023-05-20 12:03:02'),
(95, 'Kittian and Nevisian', '2023-05-20 12:03:02', '2023-05-20 12:03:02'),
(96, 'Kuwaiti', '2023-05-20 12:03:02', '2023-05-20 12:03:02'),
(97, 'Kyrgyz', '2023-05-20 12:03:02', '2023-05-20 12:03:02'),
(98, 'Laotian', '2023-05-20 12:03:02', '2023-05-20 12:03:02'),
(99, 'Latvian', '2023-05-20 12:03:02', '2023-05-20 12:03:02'),
(100, 'Lebanese', '2023-05-20 12:03:02', '2023-05-20 12:03:02'),
(101, 'Liberian', '2023-05-20 12:03:02', '2023-05-20 12:03:02'),
(102, 'Libyan', '2023-05-20 12:03:02', '2023-05-20 12:03:02'),
(103, 'Liechtensteiner', '2023-05-20 12:03:02', '2023-05-20 12:03:02'),
(104, 'Lithuanian', '2023-05-20 12:03:02', '2023-05-20 12:03:02'),
(105, 'Luxembourger', '2023-05-20 12:03:02', '2023-05-20 12:03:02'),
(106, 'Macedonian', '2023-05-20 12:03:02', '2023-05-20 12:03:02'),
(107, 'Malagasy', '2023-05-20 12:03:02', '2023-05-20 12:03:02'),
(108, 'Malawian', '2023-05-20 12:03:02', '2023-05-20 12:03:02'),
(109, 'Malaysian', '2023-05-20 12:03:02', '2023-05-20 12:03:02'),
(110, 'Maldivan', '2023-05-20 12:03:02', '2023-05-20 12:03:02'),
(111, 'Malian', '2023-05-20 12:03:02', '2023-05-20 12:03:02'),
(112, 'Maltese', '2023-05-20 12:03:02', '2023-05-20 12:03:02'),
(113, 'Marshallese', '2023-05-20 12:03:02', '2023-05-20 12:03:02'),
(114, 'Mauritanian', '2023-05-20 12:03:02', '2023-05-20 12:03:02'),
(115, 'Mauritian', '2023-05-20 12:03:02', '2023-05-20 12:03:02'),
(116, 'Mexican', '2023-05-20 12:03:02', '2023-05-20 12:03:02'),
(117, 'Micronesian', '2023-05-20 12:03:02', '2023-05-20 12:03:02'),
(118, 'Moldovan', '2023-05-20 12:03:02', '2023-05-20 12:03:02'),
(119, 'Monacan', '2023-05-20 12:03:02', '2023-05-20 12:03:02'),
(120, 'Mongolian', '2023-05-20 12:03:02', '2023-05-20 12:03:02'),
(121, 'Moroccan', '2023-05-20 12:03:02', '2023-05-20 12:03:02'),
(122, 'Mosotho', '2023-05-20 12:03:02', '2023-05-20 12:03:02'),
(123, 'Motswana', '2023-05-20 12:03:02', '2023-05-20 12:03:02'),
(124, 'Mozambican', '2023-05-20 12:03:02', '2023-05-20 12:03:02'),
(125, 'Namibian', '2023-05-20 12:03:02', '2023-05-20 12:03:02'),
(126, 'Nauruan', '2023-05-20 12:03:02', '2023-05-20 12:03:02'),
(127, 'Nepalese', '2023-05-20 12:03:02', '2023-05-20 12:03:02'),
(128, 'New Zealander', '2023-05-20 12:03:02', '2023-05-20 12:03:02'),
(129, 'Nicaraguan', '2023-05-20 12:03:02', '2023-05-20 12:03:02'),
(130, 'Nigerian', '2023-05-20 12:03:02', '2023-05-20 12:03:02'),
(131, 'Nigerien', '2023-05-20 12:03:02', '2023-05-20 12:03:02'),
(132, 'North Korean', '2023-05-20 12:03:02', '2023-05-20 12:03:02'),
(133, 'Northern Irish', '2023-05-20 12:03:02', '2023-05-20 12:03:02'),
(134, 'Norwegian', '2023-05-20 12:03:02', '2023-05-20 12:03:02'),
(135, 'Omani', '2023-05-20 12:03:02', '2023-05-20 12:03:02'),
(136, 'Pakistani', '2023-05-20 12:03:02', '2023-05-20 12:03:02'),
(137, 'Palauan', '2023-05-20 12:03:02', '2023-05-20 12:03:02'),
(138, 'Panamanian', '2023-05-20 12:03:02', '2023-05-20 12:03:02'),
(139, 'Papua New Guinean', '2023-05-20 12:03:02', '2023-05-20 12:03:02'),
(140, 'Paraguayan', '2023-05-20 12:03:02', '2023-05-20 12:03:02'),
(141, 'Peruvian', '2023-05-20 12:03:02', '2023-05-20 12:03:02'),
(142, 'Polish', '2023-05-20 12:03:02', '2023-05-20 12:03:02'),
(143, 'Portuguese', '2023-05-20 12:03:02', '2023-05-20 12:03:02'),
(144, 'Qatari', '2023-05-20 12:03:02', '2023-05-20 12:03:02'),
(145, 'Romanian', '2023-05-20 12:03:02', '2023-05-20 12:03:02'),
(146, 'Russian', '2023-05-20 12:03:02', '2023-05-20 12:03:02'),
(147, 'Rwandan', '2023-05-20 12:03:02', '2023-05-20 12:03:02'),
(148, 'Saint Lucian', '2023-05-20 12:03:02', '2023-05-20 12:03:02'),
(149, 'Salvadoran', '2023-05-20 12:03:02', '2023-05-20 12:03:02'),
(150, 'Samoan', '2023-05-20 12:03:02', '2023-05-20 12:03:02'),
(151, 'San Marinese', '2023-05-20 12:03:02', '2023-05-20 12:03:02'),
(152, 'Sao Tomean', '2023-05-20 12:03:02', '2023-05-20 12:03:02'),
(153, 'Saudi', '2023-05-20 12:03:02', '2023-05-20 12:03:02'),
(154, 'Scottish', '2023-05-20 12:03:02', '2023-05-20 12:03:02'),
(155, 'Senegalese', '2023-05-20 12:03:02', '2023-05-20 12:03:02'),
(156, 'Serbian', '2023-05-20 12:03:02', '2023-05-20 12:03:02'),
(157, 'Seychellois', '2023-05-20 12:03:02', '2023-05-20 12:03:02'),
(158, 'Sierra Leonean', '2023-05-20 12:03:02', '2023-05-20 12:03:02'),
(159, 'Singaporean', '2023-05-20 12:03:02', '2023-05-20 12:03:02'),
(160, 'Slovakian', '2023-05-20 12:03:02', '2023-05-20 12:03:02'),
(161, 'Slovenian', '2023-05-20 12:03:02', '2023-05-20 12:03:02'),
(162, 'Solomon Islander', '2023-05-20 12:03:02', '2023-05-20 12:03:02'),
(163, 'Somali', '2023-05-20 12:03:02', '2023-05-20 12:03:02'),
(164, 'South African', '2023-05-20 12:03:02', '2023-05-20 12:03:02'),
(165, 'South Korean', '2023-05-20 12:03:02', '2023-05-20 12:03:02'),
(166, 'Spanish', '2023-05-20 12:03:02', '2023-05-20 12:03:02'),
(167, 'Sri Lankan', '2023-05-20 12:03:02', '2023-05-20 12:03:02'),
(168, 'Sudanese', '2023-05-20 12:03:02', '2023-05-20 12:03:02'),
(169, 'Surinamer', '2023-05-20 12:03:02', '2023-05-20 12:03:02'),
(170, 'Swazi', '2023-05-20 12:03:02', '2023-05-20 12:03:02'),
(171, 'Swedish', '2023-05-20 12:03:02', '2023-05-20 12:03:02'),
(172, 'Swiss', '2023-05-20 12:03:02', '2023-05-20 12:03:02'),
(173, 'Syrian', '2023-05-20 12:03:02', '2023-05-20 12:03:02'),
(174, 'Taiwanese', '2023-05-20 12:03:02', '2023-05-20 12:03:02'),
(175, 'Tajik', '2023-05-20 12:03:02', '2023-05-20 12:03:02'),
(176, 'Tanzanian', '2023-05-20 12:03:02', '2023-05-20 12:03:02'),
(177, 'Thai', '2023-05-20 12:03:02', '2023-05-20 12:03:02'),
(178, 'Togolese', '2023-05-20 12:03:02', '2023-05-20 12:03:02'),
(179, 'Tongan', '2023-05-20 12:03:02', '2023-05-20 12:03:02'),
(180, 'Trinidadian/Tobagonian', '2023-05-20 12:03:02', '2023-05-20 12:03:02'),
(181, 'Tunisian', '2023-05-20 12:03:02', '2023-05-20 12:03:02'),
(182, 'Turkish', '2023-05-20 12:03:02', '2023-05-20 12:03:02'),
(183, 'Tuvaluan', '2023-05-20 12:03:02', '2023-05-20 12:03:02'),
(184, 'Ugandan', '2023-05-20 12:03:02', '2023-05-20 12:03:02'),
(185, 'Ukrainian', '2023-05-20 12:03:02', '2023-05-20 12:03:02'),
(186, 'Uruguayan', '2023-05-20 12:03:02', '2023-05-20 12:03:02'),
(187, 'Uzbekistani', '2023-05-20 12:03:02', '2023-05-20 12:03:02'),
(188, 'Venezuelan', '2023-05-20 12:03:02', '2023-05-20 12:03:02'),
(189, 'Vietnamese', '2023-05-20 12:03:02', '2023-05-20 12:03:02'),
(190, 'Welsh', '2023-05-20 12:03:02', '2023-05-20 12:03:02'),
(191, 'Yemenite', '2023-05-20 12:03:02', '2023-05-20 12:03:02'),
(192, 'Zambian', '2023-05-20 12:03:02', '2023-05-20 12:03:02'),
(193, 'Zimbabwean', '2023-05-20 12:03:02', '2023-05-20 12:03:02');

-- --------------------------------------------------------

--
-- بنية الجدول `password_resets`
--

CREATE TABLE `password_resets` (
  `email` varchar(100) COLLATE utf8mb4_unicode_ci NOT NULL,
  `token` varchar(255) COLLATE utf8mb4_unicode_ci NOT NULL,
  `created_at` timestamp NULL DEFAULT NULL
) ENGINE=InnoDB DEFAULT CHARSET=utf8mb4 COLLATE=utf8mb4_unicode_ci;

-- --------------------------------------------------------

--
-- بنية الجدول `payments`
--

CREATE TABLE `payments` (
  `id` int(10) UNSIGNED NOT NULL,
  `title` varchar(100) COLLATE utf8mb4_unicode_ci NOT NULL,
  `amount` int(11) NOT NULL,
  `ref_no` varchar(100) COLLATE utf8mb4_unicode_ci NOT NULL,
  `method` varchar(100) COLLATE utf8mb4_unicode_ci NOT NULL DEFAULT 'cash',
  `my_class_id` int(10) UNSIGNED DEFAULT NULL,
  `description` varchar(255) COLLATE utf8mb4_unicode_ci DEFAULT NULL,
  `year` varchar(255) COLLATE utf8mb4_unicode_ci NOT NULL,
  `created_at` timestamp NULL DEFAULT NULL,
  `updated_at` timestamp NULL DEFAULT NULL
) ENGINE=InnoDB DEFAULT CHARSET=utf8mb4 COLLATE=utf8mb4_unicode_ci;

-- --------------------------------------------------------

--
-- بنية الجدول `payment_records`
--

CREATE TABLE `payment_records` (
  `id` int(10) UNSIGNED NOT NULL,
  `payment_id` int(10) UNSIGNED NOT NULL,
  `student_id` int(10) UNSIGNED NOT NULL,
  `ref_no` varchar(100) COLLATE utf8mb4_unicode_ci DEFAULT NULL,
  `amt_paid` int(11) DEFAULT NULL,
  `balance` int(11) DEFAULT NULL,
  `paid` tinyint(4) NOT NULL DEFAULT 0,
  `year` varchar(255) COLLATE utf8mb4_unicode_ci NOT NULL,
  `created_at` timestamp NULL DEFAULT NULL,
  `updated_at` timestamp NULL DEFAULT NULL
) ENGINE=InnoDB DEFAULT CHARSET=utf8mb4 COLLATE=utf8mb4_unicode_ci;

-- --------------------------------------------------------

--
-- بنية الجدول `pins`
--

CREATE TABLE `pins` (
  `id` int(10) UNSIGNED NOT NULL,
  `code` varchar(40) COLLATE utf8mb4_unicode_ci NOT NULL,
  `used` varchar(255) COLLATE utf8mb4_unicode_ci NOT NULL DEFAULT '0',
  `times_used` varchar(255) COLLATE utf8mb4_unicode_ci NOT NULL DEFAULT '0',
  `user_id` int(10) UNSIGNED DEFAULT NULL,
  `student_id` int(10) UNSIGNED DEFAULT NULL,
  `created_at` timestamp NULL DEFAULT NULL,
  `updated_at` timestamp NULL DEFAULT NULL
) ENGINE=InnoDB DEFAULT CHARSET=utf8mb4 COLLATE=utf8mb4_unicode_ci;

-- --------------------------------------------------------

--
-- بنية الجدول `promotions`
--

CREATE TABLE `promotions` (
  `id` int(10) UNSIGNED NOT NULL,
  `student_id` int(10) UNSIGNED NOT NULL,
  `from_class` int(10) UNSIGNED NOT NULL,
  `from_section` int(10) UNSIGNED NOT NULL,
  `to_class` int(10) UNSIGNED NOT NULL,
  `to_section` int(10) UNSIGNED NOT NULL,
  `grad` tinyint(4) NOT NULL,
  `from_session` varchar(255) COLLATE utf8mb4_unicode_ci NOT NULL,
  `to_session` varchar(255) COLLATE utf8mb4_unicode_ci NOT NULL,
  `status` varchar(255) COLLATE utf8mb4_unicode_ci NOT NULL,
  `created_at` timestamp NULL DEFAULT NULL,
  `updated_at` timestamp NULL DEFAULT NULL
) ENGINE=InnoDB DEFAULT CHARSET=utf8mb4 COLLATE=utf8mb4_unicode_ci;

-- --------------------------------------------------------

--
-- بنية الجدول `receipts`
--

CREATE TABLE `receipts` (
  `id` int(10) UNSIGNED NOT NULL,
  `pr_id` int(10) UNSIGNED NOT NULL,
  `amt_paid` int(11) NOT NULL,
  `balance` int(11) NOT NULL,
  `year` varchar(255) COLLATE utf8mb4_unicode_ci NOT NULL,
  `created_at` timestamp NULL DEFAULT NULL,
  `updated_at` timestamp NULL DEFAULT NULL
) ENGINE=InnoDB DEFAULT CHARSET=utf8mb4 COLLATE=utf8mb4_unicode_ci;

-- --------------------------------------------------------

--
-- بنية الجدول `sections`
--

CREATE TABLE `sections` (
  `id` int(10) UNSIGNED NOT NULL,
  `name` varchar(100) COLLATE utf8mb4_unicode_ci NOT NULL,
  `my_class_id` int(10) UNSIGNED NOT NULL,
  `teacher_id` int(10) UNSIGNED DEFAULT NULL,
  `active` tinyint(4) NOT NULL DEFAULT 0,
  `created_at` timestamp NULL DEFAULT NULL,
  `updated_at` timestamp NULL DEFAULT NULL
) ENGINE=InnoDB DEFAULT CHARSET=utf8mb4 COLLATE=utf8mb4_unicode_ci;

--
-- إرجاع أو استيراد بيانات الجدول `sections`
--

INSERT INTO `sections` (`id`, `name`, `my_class_id`, `teacher_id`, `active`, `created_at`, `updated_at`) VALUES
(1, 'Gold', 1, NULL, 1, NULL, NULL),
(2, 'Diamond', 1, NULL, 0, NULL, NULL),
(3, 'Silver', 2, NULL, 1, NULL, NULL),
(4, 'Lemon', 2, NULL, 0, NULL, NULL),
(5, 'Bronze', 3, NULL, 1, NULL, NULL),
(6, 'Silver', 4, NULL, 1, NULL, NULL),
(7, 'Diamond', 5, NULL, 1, NULL, NULL),
(8, 'Blue', 6, NULL, 1, NULL, NULL),
(9, 'A', 7, NULL, 1, NULL, NULL),
(10, 'A', 8, NULL, 1, NULL, NULL),
(11, 'A', 9, NULL, 1, NULL, NULL),
(12, 'A', 10, NULL, 1, NULL, NULL);

-- --------------------------------------------------------

--
-- بنية الجدول `settings`
--

CREATE TABLE `settings` (
  `id` int(10) UNSIGNED NOT NULL,
  `type` varchar(255) COLLATE utf8mb4_unicode_ci NOT NULL,
  `description` varchar(255) COLLATE utf8mb4_unicode_ci DEFAULT NULL,
  `created_at` timestamp NULL DEFAULT NULL,
  `updated_at` timestamp NULL DEFAULT NULL
) ENGINE=InnoDB DEFAULT CHARSET=utf8mb4 COLLATE=utf8mb4_unicode_ci;

--
-- إرجاع أو استيراد بيانات الجدول `settings`
--

INSERT INTO `settings` (`id`, `type`, `description`, `created_at`, `updated_at`) VALUES
(1, 'current_session', '2018-2019', NULL, NULL),
(2, 'system_title', 'CJIA', NULL, NULL),
(3, 'system_name', 'CJ INSPIRED ACADEMY', NULL, NULL),
(4, 'term_ends', '7/10/2018', NULL, NULL),
(5, 'term_begins', '7/10/2018', NULL, NULL),
(6, 'phone', '0123456789', NULL, NULL),
(7, 'address', '18B North Central Park, Behind Central Square Tourist Center', NULL, NULL),
(8, 'system_email', 'cjacademy@cj.com', NULL, NULL),
(9, 'alt_email', '', NULL, NULL),
(10, 'email_host', '', NULL, NULL),
(11, 'email_pass', '', NULL, NULL),
(12, 'lock_exam', '0', NULL, NULL),
(13, 'logo', '', NULL, NULL),
(14, 'next_term_fees_j', '20000', NULL, NULL),
(15, 'next_term_fees_pn', '25000', NULL, NULL),
(16, 'next_term_fees_p', '25000', NULL, NULL),
(17, 'next_term_fees_n', '25600', NULL, NULL),
(18, 'next_term_fees_s', '15600', NULL, NULL),
(19, 'next_term_fees_c', '1600', NULL, NULL);

-- --------------------------------------------------------

--
-- بنية الجدول `skills`
--

CREATE TABLE `skills` (
  `id` int(10) UNSIGNED NOT NULL,
  `name` varchar(255) COLLATE utf8mb4_unicode_ci NOT NULL,
  `skill_type` varchar(255) COLLATE utf8mb4_unicode_ci NOT NULL,
  `class_type` varchar(255) COLLATE utf8mb4_unicode_ci DEFAULT NULL,
  `created_at` timestamp NULL DEFAULT NULL,
  `updated_at` timestamp NULL DEFAULT NULL
) ENGINE=InnoDB DEFAULT CHARSET=utf8mb4 COLLATE=utf8mb4_unicode_ci;

--
-- إرجاع أو استيراد بيانات الجدول `skills`
--

INSERT INTO `skills` (`id`, `name`, `skill_type`, `class_type`, `created_at`, `updated_at`) VALUES
(1, 'PUNCTUALITY', 'AF', NULL, NULL, NULL),
(2, 'NEATNESS', 'AF', NULL, NULL, NULL),
(3, 'HONESTY', 'AF', NULL, NULL, NULL),
(4, 'RELIABILITY', 'AF', NULL, NULL, NULL),
(5, 'RELATIONSHIP WITH OTHERS', 'AF', NULL, NULL, NULL),
(6, 'POLITENESS', 'AF', NULL, NULL, NULL),
(7, 'ALERTNESS', 'AF', NULL, NULL, NULL),
(8, 'HANDWRITING', 'PS', NULL, NULL, NULL),
(9, 'GAMES & SPORTS', 'PS', NULL, NULL, NULL),
(10, 'DRAWING & ARTS', 'PS', NULL, NULL, NULL),
(11, 'PAINTING', 'PS', NULL, NULL, NULL),
(12, 'CONSTRUCTION', 'PS', NULL, NULL, NULL),
(13, 'MUSICAL SKILLS', 'PS', NULL, NULL, NULL),
(14, 'FLEXIBILITY', 'PS', NULL, NULL, NULL);

-- --------------------------------------------------------

--
-- بنية الجدول `staff_records`
--

CREATE TABLE `staff_records` (
  `id` int(10) UNSIGNED NOT NULL,
  `user_id` int(10) UNSIGNED NOT NULL,
  `code` varchar(100) COLLATE utf8mb4_unicode_ci DEFAULT NULL,
  `emp_date` varchar(255) COLLATE utf8mb4_unicode_ci DEFAULT NULL,
  `created_at` timestamp NULL DEFAULT NULL,
  `updated_at` timestamp NULL DEFAULT NULL
) ENGINE=InnoDB DEFAULT CHARSET=utf8mb4 COLLATE=utf8mb4_unicode_ci;

--
-- إرجاع أو استيراد بيانات الجدول `staff_records`
--

INSERT INTO `staff_records` (`id`, `user_id`, `code`, `emp_date`, `created_at`, `updated_at`) VALUES
(1, 55, 'CJIA/STAFF/2023/06/2054', '06/21/2023', '2023-06-17 12:51:49', '2023-06-17 12:51:49');

-- --------------------------------------------------------

--
-- بنية الجدول `states`
--

CREATE TABLE `states` (
  `id` int(10) UNSIGNED NOT NULL,
  `name` varchar(255) COLLATE utf8mb4_unicode_ci NOT NULL,
  `created_at` timestamp NULL DEFAULT NULL,
  `updated_at` timestamp NULL DEFAULT NULL
) ENGINE=InnoDB DEFAULT CHARSET=utf8mb4 COLLATE=utf8mb4_unicode_ci;

--
-- إرجاع أو استيراد بيانات الجدول `states`
--

INSERT INTO `states` (`id`, `name`, `created_at`, `updated_at`) VALUES
(1, 'Abia', '2023-05-20 12:03:02', '2023-05-20 12:03:02'),
(2, 'Adamawa', '2023-05-20 12:03:02', '2023-05-20 12:03:02'),
(3, 'Akwa Ibom', '2023-05-20 12:03:02', '2023-05-20 12:03:02'),
(4, 'Anambra', '2023-05-20 12:03:02', '2023-05-20 12:03:02'),
(5, 'Bauchi', '2023-05-20 12:03:02', '2023-05-20 12:03:02'),
(6, 'Bayelsa', '2023-05-20 12:03:02', '2023-05-20 12:03:02'),
(7, 'Benue', '2023-05-20 12:03:02', '2023-05-20 12:03:02'),
(8, 'Borno', '2023-05-20 12:03:02', '2023-05-20 12:03:02'),
(9, 'Cross River', '2023-05-20 12:03:02', '2023-05-20 12:03:02'),
(10, 'Delta', '2023-05-20 12:03:02', '2023-05-20 12:03:02'),
(11, 'Ebonyi', '2023-05-20 12:03:02', '2023-05-20 12:03:02'),
(12, 'Edo', '2023-05-20 12:03:02', '2023-05-20 12:03:02'),
(13, 'Ekiti', '2023-05-20 12:03:02', '2023-05-20 12:03:02'),
(14, 'Enugu', '2023-05-20 12:03:02', '2023-05-20 12:03:02'),
(15, 'FCT', '2023-05-20 12:03:02', '2023-05-20 12:03:02'),
(16, 'Gombe', '2023-05-20 12:03:02', '2023-05-20 12:03:02'),
(17, 'Imo', '2023-05-20 12:03:02', '2023-05-20 12:03:02'),
(18, 'Jigawa', '2023-05-20 12:03:02', '2023-05-20 12:03:02'),
(19, 'Kaduna', '2023-05-20 12:03:02', '2023-05-20 12:03:02'),
(20, 'Kano', '2023-05-20 12:03:02', '2023-05-20 12:03:02'),
(21, 'Katsina', '2023-05-20 12:03:02', '2023-05-20 12:03:02'),
(22, 'Kebbi', '2023-05-20 12:03:02', '2023-05-20 12:03:02'),
(23, 'Kogi', '2023-05-20 12:03:02', '2023-05-20 12:03:02'),
(24, 'Kwara', '2023-05-20 12:03:02', '2023-05-20 12:03:02'),
(25, 'Lagos', '2023-05-20 12:03:02', '2023-05-20 12:03:02'),
(26, 'Nasarawa', '2023-05-20 12:03:02', '2023-05-20 12:03:02'),
(27, 'Niger', '2023-05-20 12:03:02', '2023-05-20 12:03:02'),
(28, 'Ogun', '2023-05-20 12:03:02', '2023-05-20 12:03:02'),
(29, 'Ondo', '2023-05-20 12:03:02', '2023-05-20 12:03:02'),
(30, 'Osun', '2023-05-20 12:03:02', '2023-05-20 12:03:02'),
(31, 'Oyo', '2023-05-20 12:03:02', '2023-05-20 12:03:02'),
(32, 'Plateau', '2023-05-20 12:03:03', '2023-05-20 12:03:03'),
(33, 'Rivers', '2023-05-20 12:03:03', '2023-05-20 12:03:03'),
(34, 'Sokoto', '2023-05-20 12:03:03', '2023-05-20 12:03:03'),
(35, 'Taraba', '2023-05-20 12:03:03', '2023-05-20 12:03:03'),
(36, 'Yobe', '2023-05-20 12:03:03', '2023-05-20 12:03:03'),
(37, 'Zamfara', '2023-05-20 12:03:03', '2023-05-20 12:03:03');

-- --------------------------------------------------------

--
-- بنية الجدول `student_records`
--

CREATE TABLE `student_records` (
  `id` int(10) UNSIGNED NOT NULL,
  `user_id` int(10) UNSIGNED NOT NULL,
  `my_class_id` int(10) UNSIGNED NOT NULL,
  `section_id` int(10) UNSIGNED NOT NULL,
  `adm_no` varchar(30) COLLATE utf8mb4_unicode_ci DEFAULT NULL,
  `my_parent_id` int(10) UNSIGNED DEFAULT NULL,
  `dorm_id` int(10) UNSIGNED DEFAULT NULL,
  `dorm_room_no` varchar(255) COLLATE utf8mb4_unicode_ci DEFAULT NULL,
  `session` varchar(255) COLLATE utf8mb4_unicode_ci NOT NULL,
  `house` varchar(255) COLLATE utf8mb4_unicode_ci DEFAULT NULL,
  `age` tinyint(4) DEFAULT NULL,
  `year_admitted` varchar(255) COLLATE utf8mb4_unicode_ci DEFAULT NULL,
  `grad` tinyint(4) NOT NULL DEFAULT 0,
  `grad_date` varchar(255) COLLATE utf8mb4_unicode_ci DEFAULT NULL,
  `created_at` timestamp NULL DEFAULT NULL,
  `updated_at` timestamp NULL DEFAULT NULL
) ENGINE=InnoDB DEFAULT CHARSET=utf8mb4 COLLATE=utf8mb4_unicode_ci;

--
-- إرجاع أو استيراد بيانات الجدول `student_records`
--

INSERT INTO `student_records` (`id`, `user_id`, `my_class_id`, `section_id`, `adm_no`, `my_parent_id`, `dorm_id`, `dorm_room_no`, `session`, `house`, `age`, `year_admitted`, `grad`, `grad_date`, `created_at`, `updated_at`) VALUES
(1, 18, 1, 1, NULL, NULL, NULL, NULL, '2018-2019', NULL, NULL, NULL, 0, NULL, '2023-05-20 12:03:07', '2023-05-20 12:03:07'),
(2, 19, 1, 1, NULL, NULL, NULL, NULL, '2018-2019', NULL, NULL, NULL, 0, NULL, '2023-05-20 12:03:07', '2023-05-20 12:03:07'),
(3, 20, 1, 1, NULL, NULL, NULL, NULL, '2018-2019', NULL, NULL, NULL, 0, NULL, '2023-05-20 12:03:07', '2023-05-20 12:03:07'),
(4, 21, 1, 1, NULL, NULL, NULL, NULL, '2018-2019', NULL, NULL, NULL, 0, NULL, '2023-05-20 12:03:07', '2023-05-20 12:03:07'),
(5, 22, 1, 2, NULL, NULL, NULL, NULL, '2018-2019', NULL, NULL, NULL, 0, NULL, '2023-05-20 12:03:08', '2023-05-20 12:03:08'),
(6, 23, 1, 2, NULL, NULL, NULL, NULL, '2018-2019', NULL, NULL, NULL, 0, NULL, '2023-05-20 12:03:08', '2023-05-20 12:03:08'),
(7, 24, 1, 2, NULL, NULL, NULL, NULL, '2018-2019', NULL, NULL, NULL, 0, NULL, '2023-05-20 12:03:08', '2023-05-20 12:03:08'),
(8, 25, 2, 3, NULL, NULL, NULL, NULL, '2018-2019', NULL, NULL, NULL, 0, NULL, '2023-05-20 12:03:08', '2023-05-20 12:03:08'),
(9, 26, 2, 3, NULL, NULL, NULL, NULL, '2018-2019', NULL, NULL, NULL, 0, NULL, '2023-05-20 12:03:08', '2023-05-20 12:03:08'),
(10, 27, 2, 3, NULL, NULL, NULL, NULL, '2018-2019', NULL, NULL, NULL, 0, NULL, '2023-05-20 12:03:08', '2023-05-20 12:03:08'),
(11, 28, 2, 4, NULL, NULL, NULL, NULL, '2018-2019', NULL, NULL, NULL, 0, NULL, '2023-05-20 12:03:09', '2023-05-20 12:03:09'),
(12, 29, 2, 4, NULL, NULL, NULL, NULL, '2018-2019', NULL, NULL, NULL, 0, NULL, '2023-05-20 12:03:09', '2023-05-20 12:03:09'),
(13, 30, 2, 4, NULL, NULL, NULL, NULL, '2018-2019', NULL, NULL, NULL, 0, NULL, '2023-05-20 12:03:09', '2023-05-20 12:03:09'),
(14, 31, 3, 5, NULL, NULL, NULL, NULL, '2018-2019', NULL, NULL, NULL, 0, NULL, '2023-05-20 12:03:09', '2023-05-20 12:03:09'),
(15, 32, 3, 5, NULL, NULL, NULL, NULL, '2018-2019', NULL, NULL, NULL, 0, NULL, '2023-05-20 12:03:09', '2023-05-20 12:03:09'),
(16, 33, 3, 5, NULL, NULL, NULL, NULL, '2018-2019', NULL, NULL, NULL, 0, NULL, '2023-05-20 12:03:09', '2023-05-20 12:03:09'),
(17, 34, 4, 6, NULL, NULL, NULL, NULL, '2018-2019', NULL, NULL, NULL, 0, NULL, '2023-05-20 12:03:09', '2023-05-20 12:03:09'),
(18, 35, 4, 6, NULL, NULL, NULL, NULL, '2018-2019', NULL, NULL, NULL, 0, NULL, '2023-05-20 12:03:09', '2023-05-20 12:03:09'),
(19, 36, 4, 6, NULL, NULL, NULL, NULL, '2018-2019', NULL, NULL, NULL, 0, NULL, '2023-05-20 12:03:09', '2023-05-20 12:03:09'),
(20, 37, 5, 7, NULL, NULL, NULL, NULL, '2018-2019', NULL, NULL, NULL, 0, NULL, '2023-05-20 12:03:10', '2023-05-20 12:03:10'),
(21, 38, 5, 7, NULL, NULL, NULL, NULL, '2018-2019', NULL, NULL, NULL, 0, NULL, '2023-05-20 12:03:10', '2023-05-20 12:03:10'),
(22, 39, 5, 7, NULL, NULL, NULL, NULL, '2018-2019', NULL, NULL, NULL, 0, NULL, '2023-05-20 12:03:10', '2023-05-20 12:03:10'),
(23, 40, 6, 8, NULL, NULL, NULL, NULL, '2018-2019', NULL, NULL, NULL, 0, NULL, '2023-05-20 12:03:10', '2023-05-20 12:03:10'),
(24, 41, 6, 8, NULL, NULL, NULL, NULL, '2018-2019', NULL, NULL, NULL, 0, NULL, '2023-05-20 12:03:10', '2023-05-20 12:03:10'),
(25, 42, 6, 8, NULL, NULL, NULL, NULL, '2018-2019', NULL, NULL, NULL, 0, NULL, '2023-05-20 12:03:10', '2023-05-20 12:03:10'),
(26, 43, 7, 9, NULL, NULL, NULL, NULL, '2018-2019', NULL, NULL, NULL, 0, NULL, '2023-05-20 12:03:10', '2023-05-20 12:03:10'),
(27, 44, 7, 9, NULL, NULL, NULL, NULL, '2018-2019', NULL, NULL, NULL, 0, NULL, '2023-05-20 12:03:10', '2023-05-20 12:03:10'),
(28, 45, 7, 9, NULL, NULL, NULL, NULL, '2018-2019', NULL, NULL, NULL, 0, NULL, '2023-05-20 12:03:10', '2023-05-20 12:03:10'),
(29, 46, 8, 10, NULL, NULL, NULL, NULL, '2018-2019', NULL, NULL, NULL, 0, NULL, '2023-05-20 12:03:11', '2023-05-20 12:03:11'),
(30, 47, 8, 10, NULL, NULL, NULL, NULL, '2018-2019', NULL, NULL, NULL, 0, NULL, '2023-05-20 12:03:11', '2023-05-20 12:03:11'),
(31, 48, 8, 10, NULL, NULL, NULL, NULL, '2018-2019', NULL, NULL, NULL, 0, NULL, '2023-05-20 12:03:11', '2023-05-20 12:03:11'),
(32, 49, 9, 11, NULL, NULL, NULL, NULL, '2018-2019', NULL, NULL, NULL, 0, NULL, '2023-05-20 12:03:11', '2023-05-20 12:03:11'),
(33, 50, 9, 11, NULL, NULL, NULL, NULL, '2018-2019', NULL, NULL, NULL, 0, NULL, '2023-05-20 12:03:11', '2023-05-20 12:03:11'),
(34, 51, 9, 11, NULL, NULL, NULL, NULL, '2018-2019', NULL, NULL, NULL, 0, NULL, '2023-05-20 12:03:11', '2023-05-20 12:03:11'),
(35, 52, 10, 12, NULL, NULL, NULL, NULL, '2018-2019', NULL, NULL, NULL, 0, NULL, '2023-05-20 12:03:11', '2023-05-20 12:03:11'),
(36, 53, 10, 12, NULL, NULL, NULL, NULL, '2018-2019', NULL, NULL, NULL, 0, NULL, '2023-05-20 12:03:11', '2023-05-20 12:03:11'),
(37, 54, 10, 12, NULL, NULL, NULL, NULL, '2018-2019', NULL, NULL, NULL, 0, NULL, '2023-05-20 12:03:11', '2023-05-20 12:03:11');

-- --------------------------------------------------------

--
-- بنية الجدول `subjects`
--

CREATE TABLE `subjects` (
  `id` int(10) UNSIGNED NOT NULL,
  `name` varchar(100) COLLATE utf8mb4_unicode_ci NOT NULL,
  `slug` varchar(100) COLLATE utf8mb4_unicode_ci NOT NULL,
  `my_class_id` int(10) UNSIGNED NOT NULL,
  `teacher_id` int(10) UNSIGNED NOT NULL,
  `created_at` timestamp NULL DEFAULT NULL,
  `updated_at` timestamp NULL DEFAULT NULL
) ENGINE=InnoDB DEFAULT CHARSET=utf8mb4 COLLATE=utf8mb4_unicode_ci;

--
-- إرجاع أو استيراد بيانات الجدول `subjects`
--

INSERT INTO `subjects` (`id`, `name`, `slug`, `my_class_id`, `teacher_id`, `created_at`, `updated_at`) VALUES
(1, 'English Language', 'Eng', 1, 3, NULL, NULL),
(2, 'Mathematics', 'Math', 1, 3, NULL, NULL),
(3, 'English Language', 'Eng', 2, 3, NULL, NULL),
(4, 'Mathematics', 'Math', 2, 3, NULL, NULL),
(5, 'English Language', 'Eng', 3, 3, NULL, NULL),
(6, 'Mathematics', 'Math', 3, 3, NULL, NULL),
(7, 'English Language', 'Eng', 4, 3, NULL, NULL),
(8, 'Mathematics', 'Math', 4, 3, NULL, NULL),
(9, 'English Language', 'Eng', 5, 3, NULL, NULL),
(10, 'Mathematics', 'Math', 5, 3, NULL, NULL),
(11, 'English Language', 'Eng', 6, 3, NULL, NULL),
(12, 'Mathematics', 'Math', 6, 3, NULL, NULL),
(13, 'English Language', 'Eng', 7, 3, NULL, NULL),
(14, 'Mathematics', 'Math', 7, 3, NULL, NULL),
(15, 'English Language', 'Eng', 8, 3, NULL, NULL),
(16, 'Mathematics', 'Math', 8, 3, NULL, NULL),
(17, 'English Language', 'Eng', 9, 3, NULL, NULL),
(18, 'Mathematics', 'Math', 9, 3, NULL, NULL),
(19, 'English Language', 'Eng', 10, 3, NULL, NULL),
(20, 'Mathematics', 'Math', 10, 3, NULL, NULL);

-- --------------------------------------------------------

--
-- بنية الجدول `time_slots`
--

CREATE TABLE `time_slots` (
  `id` int(10) UNSIGNED NOT NULL,
  `ttr_id` int(10) UNSIGNED NOT NULL,
  `hour_from` tinyint(4) NOT NULL,
  `min_from` varchar(2) COLLATE utf8mb4_unicode_ci NOT NULL,
  `meridian_from` varchar(2) COLLATE utf8mb4_unicode_ci NOT NULL,
  `hour_to` tinyint(4) NOT NULL,
  `min_to` varchar(2) COLLATE utf8mb4_unicode_ci NOT NULL,
  `meridian_to` varchar(2) COLLATE utf8mb4_unicode_ci NOT NULL,
  `time_from` varchar(100) COLLATE utf8mb4_unicode_ci NOT NULL,
  `time_to` varchar(100) COLLATE utf8mb4_unicode_ci NOT NULL,
  `timestamp_from` varchar(50) COLLATE utf8mb4_unicode_ci NOT NULL,
  `timestamp_to` varchar(50) COLLATE utf8mb4_unicode_ci NOT NULL,
  `full` varchar(100) COLLATE utf8mb4_unicode_ci NOT NULL,
  `created_at` timestamp NULL DEFAULT NULL,
  `updated_at` timestamp NULL DEFAULT NULL
) ENGINE=InnoDB DEFAULT CHARSET=utf8mb4 COLLATE=utf8mb4_unicode_ci;

-- --------------------------------------------------------

--
-- بنية الجدول `time_tables`
--

CREATE TABLE `time_tables` (
  `id` int(10) UNSIGNED NOT NULL,
  `ttr_id` int(10) UNSIGNED NOT NULL,
  `ts_id` int(10) UNSIGNED NOT NULL,
  `subject_id` int(10) UNSIGNED DEFAULT NULL,
  `exam_date` varchar(50) COLLATE utf8mb4_unicode_ci DEFAULT NULL,
  `timestamp_from` varchar(100) COLLATE utf8mb4_unicode_ci NOT NULL,
  `timestamp_to` varchar(100) COLLATE utf8mb4_unicode_ci NOT NULL,
  `day` varchar(50) COLLATE utf8mb4_unicode_ci DEFAULT NULL,
  `day_num` tinyint(4) DEFAULT NULL,
  `created_at` timestamp NULL DEFAULT NULL,
  `updated_at` timestamp NULL DEFAULT NULL
) ENGINE=InnoDB DEFAULT CHARSET=utf8mb4 COLLATE=utf8mb4_unicode_ci;

-- --------------------------------------------------------

--
-- بنية الجدول `time_table_records`
--

CREATE TABLE `time_table_records` (
  `id` int(10) UNSIGNED NOT NULL,
  `name` varchar(100) COLLATE utf8mb4_unicode_ci NOT NULL,
  `my_class_id` int(10) UNSIGNED NOT NULL,
  `exam_id` int(10) UNSIGNED DEFAULT NULL,
  `year` varchar(100) COLLATE utf8mb4_unicode_ci NOT NULL,
  `created_at` timestamp NULL DEFAULT NULL,
  `updated_at` timestamp NULL DEFAULT NULL
) ENGINE=InnoDB DEFAULT CHARSET=utf8mb4 COLLATE=utf8mb4_unicode_ci;

-- --------------------------------------------------------

--
-- بنية الجدول `users`
--

CREATE TABLE `users` (
  `id` int(10) UNSIGNED NOT NULL,
  `name` varchar(255) COLLATE utf8mb4_unicode_ci NOT NULL,
  `email` varchar(100) COLLATE utf8mb4_unicode_ci DEFAULT NULL,
  `code` varchar(100) COLLATE utf8mb4_unicode_ci NOT NULL,
  `username` varchar(100) COLLATE utf8mb4_unicode_ci DEFAULT NULL,
  `user_type` varchar(255) COLLATE utf8mb4_unicode_ci NOT NULL,
  `dob` varchar(255) COLLATE utf8mb4_unicode_ci DEFAULT NULL,
  `gender` varchar(255) COLLATE utf8mb4_unicode_ci DEFAULT NULL,
  `photo` varchar(255) COLLATE utf8mb4_unicode_ci NOT NULL DEFAULT 'http://localhost/global_assets/images/user.png',
  `phone` varchar(255) COLLATE utf8mb4_unicode_ci DEFAULT NULL,
  `phone2` varchar(255) COLLATE utf8mb4_unicode_ci DEFAULT NULL,
  `bg_id` int(10) UNSIGNED DEFAULT NULL,
  `state_id` int(10) UNSIGNED DEFAULT NULL,
  `lga_id` int(10) UNSIGNED DEFAULT NULL,
  `nal_id` int(10) UNSIGNED DEFAULT NULL,
  `address` varchar(255) COLLATE utf8mb4_unicode_ci DEFAULT NULL,
  `email_verified_at` timestamp NULL DEFAULT NULL,
  `password` varchar(255) COLLATE utf8mb4_unicode_ci NOT NULL,
  `remember_token` varchar(100) COLLATE utf8mb4_unicode_ci DEFAULT NULL,
  `created_at` timestamp NULL DEFAULT NULL,
  `updated_at` timestamp NULL DEFAULT NULL
) ENGINE=InnoDB DEFAULT CHARSET=utf8mb4 COLLATE=utf8mb4_unicode_ci;

--
-- إرجاع أو استيراد بيانات الجدول `users`
--

INSERT INTO `users` (`id`, `name`, `email`, `code`, `username`, `user_type`, `dob`, `gender`, `photo`, `phone`, `phone2`, `bg_id`, `state_id`, `lga_id`, `nal_id`, `address`, `email_verified_at`, `password`, `remember_token`, `created_at`, `updated_at`) VALUES
(1, 'CJ Inspired', 'cj@cj.com', 'JD3HIZXWAJ', 'cj', 'super_admin', NULL, NULL, 'http://localhost/global_assets/images/user.png', NULL, NULL, NULL, NULL, NULL, NULL, NULL, NULL, '$2y$10$zM2wnJn8kL1qR5rZ.cteI.ctAk0iBRIrLaUm7IxjGb0nZHMfnSeQC', 'AdYxn75n0DVLKTT0gxwZZaSTA108OTBxK7abLkjIHCuhRiJw0jdc0vMbLlkj', NULL, NULL),
(2, 'Admin KORA', 'admin@admin.com', 'DC1UV1SOKM', 'admin', 'admin', NULL, NULL, 'http://localhost/global_assets/images/user.png', NULL, NULL, NULL, NULL, NULL, NULL, NULL, NULL, '$2y$10$zM2wnJn8kL1qR5rZ.cteI.ctAk0iBRIrLaUm7IxjGb0nZHMfnSeQC', 'g3iiQKTKAR', NULL, NULL),
(3, 'Teacher Chike', 'teacher@teacher.com', 'EC5FRK94VF', 'teacher', 'teacher', NULL, NULL, 'http://localhost/global_assets/images/user.png', NULL, NULL, NULL, NULL, NULL, NULL, NULL, NULL, '$2y$10$zM2wnJn8kL1qR5rZ.cteI.ctAk0iBRIrLaUm7IxjGb0nZHMfnSeQC', 'vox4wqy1T2mKAFKMDTCVzQLIkagKUEdGvik6UgL8arAY8ElQ4ZOFLO3IzX5M', NULL, NULL),
(4, 'Parent Kaba', 'parent@parent.com', '9KCQE4RTVQ', 'parent', 'parent', NULL, NULL, 'http://localhost/global_assets/images/user.png', NULL, NULL, NULL, NULL, NULL, NULL, NULL, NULL, '$2y$10$zM2wnJn8kL1qR5rZ.cteI.ctAk0iBRIrLaUm7IxjGb0nZHMfnSeQC', 'KkJDC3QRVA', NULL, NULL),
(5, 'Accountant Jeff', 'accountant@accountant.com', 'CLFZCECB1P', 'accountant', 'accountant', NULL, NULL, 'http://localhost/global_assets/images/user.png', NULL, NULL, NULL, NULL, NULL, NULL, NULL, NULL, '$2y$10$zM2wnJn8kL1qR5rZ.cteI.ctAk0iBRIrLaUm7IxjGb0nZHMfnSeQC', 'oe1AUIL4Ka', NULL, NULL),
(6, 'Admin 1', 'admin1@admin.com', 'SHR2Y7NENY', 'admin1', 'admin', NULL, NULL, 'http://localhost/global_assets/images/user.png', NULL, NULL, NULL, NULL, NULL, NULL, NULL, NULL, '$2y$10$2JzhKeMY.WN1b7ctLGSdvunJZiMzB5e/Z9qtDyeffhDWCnqptYPbW', 'vyJ0VTEmrT', NULL, NULL),
(7, 'Teacher 1', 'teacher1@teacher.com', 'EPREOMFEP7', 'teacher1', 'teacher', NULL, NULL, 'http://localhost/global_assets/images/user.png', NULL, NULL, NULL, NULL, NULL, NULL, NULL, NULL, '$2y$10$96TYXX01iULVaFz/cUieIuD/JSgAvAS.hqzHuI6Kq1FG65PqxlQFm', '1sS9DINYmr', NULL, NULL),
(8, 'Accountant 1', 'accountant1@accountant.com', '8OVTB5XR4D', 'accountant1', 'accountant', NULL, NULL, 'http://localhost/global_assets/images/user.png', NULL, NULL, NULL, NULL, NULL, NULL, NULL, NULL, '$2y$10$7ohk80NEqrce1WAMLyYZ/.3lW2LMz/nbeCozqH3BeqrjmyzOEpw0a', 'rIRkLaMprc', NULL, NULL),
(9, 'Parent 1', 'parent1@parent.com', 'FS9CZYVBKX', 'parent1', 'parent', NULL, NULL, 'http://localhost/global_assets/images/user.png', NULL, NULL, NULL, NULL, NULL, NULL, NULL, NULL, '$2y$10$EtzAnrtwnoU.bUa/2JyuueeKezVUNFPXdY2QQz34u0o/RElrcDSAq', '1mfL50noIs', NULL, NULL),
(10, 'Admin 2', 'admin2@admin.com', 'JBK5PZEXAV', 'admin2', 'admin', NULL, NULL, 'http://localhost/global_assets/images/user.png', NULL, NULL, NULL, NULL, NULL, NULL, NULL, NULL, '$2y$10$0DUfHRaPrtEJfihSBDCnQ.G1ZF2u7RefRC0/R524h4c/l5WTPwQnm', 'Mj84ASZLLP', NULL, NULL),
(11, 'Teacher 2', 'teacher2@teacher.com', 'ENHSQUHFEA', 'teacher2', 'teacher', NULL, NULL, 'http://localhost/global_assets/images/user.png', NULL, NULL, NULL, NULL, NULL, NULL, NULL, NULL, '$2y$10$GiOZ4D4NXummZCXYsNjn0ugs4CWuWRJEftw2TuZkaXofDMxRmuA1y', 'hZuGfmXNZ9', NULL, NULL),
(12, 'Accountant 2', 'accountant2@accountant.com', 'CRW8WG17P6', 'accountant2', 'accountant', NULL, NULL, 'http://localhost/global_assets/images/user.png', NULL, NULL, NULL, NULL, NULL, NULL, NULL, NULL, '$2y$10$usjIzC5Q7ildbntBysG51uHvQJoPVrQ3hewFJo4qeVLaIg02s/s0e', 'gsib0hffDi', NULL, NULL),
(13, 'Parent 2', 'parent2@parent.com', 'ZJU1W81LTZ', 'parent2', 'parent', NULL, NULL, 'http://localhost/global_assets/images/user.png', NULL, NULL, NULL, NULL, NULL, NULL, NULL, NULL, '$2y$10$6szwxA1DNa.herCMNXxRhO6yhBVO10RhuFYSSpEEygUDNKxUfE17e', 'nsdq0ZqLXO', NULL, NULL),
(14, 'Admin 3', 'admin3@admin.com', 'ULDXVEBIED', 'admin3', 'admin', NULL, NULL, 'http://localhost/global_assets/images/user.png', NULL, NULL, NULL, NULL, NULL, NULL, NULL, NULL, '$2y$10$FTJgGIwAdJubDrAwp.ZWwe9/uiFDgIadjfX7KeS5AtQksHsMlh0lS', 'Ej7gW5A6HT', NULL, NULL),
(15, 'Teacher 3', 'teacher3@teacher.com', 'GYH1JQMSHN', 'teacher3', 'teacher', NULL, NULL, 'http://localhost/global_assets/images/user.png', NULL, NULL, NULL, NULL, NULL, NULL, NULL, NULL, '$2y$10$C5RuRFr3g4TAse.B5R.LleqTLzChJQ3IMUendbmu/J2dHU0YjZCQS', '0wc1jX44CT', NULL, NULL),
(16, 'Accountant 3', 'accountant3@accountant.com', 'WYM5WDGBWY', 'accountant3', 'accountant', NULL, NULL, 'http://localhost/global_assets/images/user.png', NULL, NULL, NULL, NULL, NULL, NULL, NULL, NULL, '$2y$10$18Ny5U9kFqJkiyg8LQBB4O4DWjMB1H1hT8bc/q63xE42yuKI/0OZG', 'nkeeI3B5Ce', NULL, NULL),
(17, 'Parent 3', 'parent3@parent.com', 'PBSBP0OEFZ', 'parent3', 'parent', NULL, NULL, 'http://localhost/global_assets/images/user.png', NULL, NULL, NULL, NULL, NULL, NULL, NULL, NULL, '$2y$10$AwMlc6.ZjyraMunHal6OWO02fgnrktwzBTs4wap1xedXy.gOnKl3u', '2WcZ4uaxcy', NULL, NULL),
(18, 'Student CJ', 'student@student.com', 'YT6DBETEKJ', 'student', 'student', NULL, NULL, 'http://localhost/global_assets/images/user.png', NULL, NULL, NULL, NULL, NULL, NULL, NULL, NULL, '$2y$10$p/acmHsTj6ZQAK9s.d8um.WmqKjRcHKSlDv1yCqtwx9Q/vqEVckgm', 'k8sYpPYAEkzSvJ8199EN2gxmy8VqINRUkOJYUfUm5oOqST1Bx44EGX99n6Tp', '2023-05-20 12:03:07', '2023-05-20 12:03:07'),
(19, 'Carmel Turner', 'tremblay.grover@example.com', 'AFRVFIJLE0', 'xhermann', 'student', NULL, NULL, 'http://localhost/global_assets/images/user.png', NULL, NULL, NULL, NULL, NULL, NULL, NULL, NULL, '$2y$10$qldGjVTHL2WrPf/Qs3Bo7.5asE0wGC4svGpEWwCfQdOazHRSgysh.', '9QerOSUel1', '2023-05-20 12:03:07', '2023-05-20 12:03:07'),
(20, 'Jazmyn Bergnaum', 'jake.kuvalis@example.net', 'EH6BJRMNBE', 'demond08', 'student', NULL, NULL, 'http://localhost/global_assets/images/user.png', NULL, NULL, NULL, NULL, NULL, NULL, NULL, NULL, '$2y$10$qldGjVTHL2WrPf/Qs3Bo7.5asE0wGC4svGpEWwCfQdOazHRSgysh.', 'qtqO3ZCTRk', '2023-05-20 12:03:07', '2023-05-20 12:03:07'),
(21, 'Kody Thompson', 'camron.konopelski@example.net', 'FMTH6X9PEG', 'akeem.bogisich', 'student', NULL, NULL, 'http://localhost/global_assets/images/user.png', NULL, NULL, NULL, NULL, NULL, NULL, NULL, NULL, '$2y$10$qldGjVTHL2WrPf/Qs3Bo7.5asE0wGC4svGpEWwCfQdOazHRSgysh.', 'ElAagwXeZG', '2023-05-20 12:03:07', '2023-05-20 12:03:07'),
(22, 'Mr. Eugene Deckow Jr.', 'baumbach.araceli@example.org', 'GVLHTRDYYW', 'ppaucek', 'student', NULL, NULL, 'http://localhost/global_assets/images/user.png', NULL, NULL, NULL, NULL, NULL, NULL, NULL, NULL, '$2y$10$/tMNprJWW5C0Mmanv8TaJO3BmCGdLIh7yUQMZpuoR3hY7sAnqQfnK', 'nuTlaGLu6z', '2023-05-20 12:03:08', '2023-05-20 12:03:08'),
(23, 'Lois Green', 'guy13@example.net', 'VXFHZFAMS2', 'rowena.bernier', 'student', NULL, NULL, 'http://localhost/global_assets/images/user.png', NULL, NULL, NULL, NULL, NULL, NULL, NULL, NULL, '$2y$10$/tMNprJWW5C0Mmanv8TaJO3BmCGdLIh7yUQMZpuoR3hY7sAnqQfnK', 'qYvoyq9fLF', '2023-05-20 12:03:08', '2023-05-20 12:03:08'),
(24, 'Prof. Eugenia Roob', 'rosalia.prosacco@example.org', 'OC0IJ5IVGW', 'destany.kessler', 'student', NULL, NULL, 'http://localhost/global_assets/images/user.png', NULL, NULL, NULL, NULL, NULL, NULL, NULL, NULL, '$2y$10$/tMNprJWW5C0Mmanv8TaJO3BmCGdLIh7yUQMZpuoR3hY7sAnqQfnK', 't6oEvhk3KH', '2023-05-20 12:03:08', '2023-05-20 12:03:08'),
(25, 'Miss Megane Jones II', 'qrau@example.net', 'XEBCQW7AHZ', 'rashad81', 'student', NULL, NULL, 'http://localhost/global_assets/images/user.png', NULL, NULL, NULL, NULL, NULL, NULL, NULL, NULL, '$2y$10$wph8DEo30BfQF7CkZjwfIeBrhzONZXTxBajrl6orvrgutxjduBo5W', 'gpQH71rPix', '2023-05-20 12:03:08', '2023-05-20 12:03:08'),
(26, 'Quinton Bernhard Jr.', 'gusikowski.sheldon@example.net', 'VYLZNLVF77', 'bauch.patricia', 'student', NULL, NULL, 'http://localhost/global_assets/images/user.png', NULL, NULL, NULL, NULL, NULL, NULL, NULL, NULL, '$2y$10$wph8DEo30BfQF7CkZjwfIeBrhzONZXTxBajrl6orvrgutxjduBo5W', 'Uzu2HOoRy8', '2023-05-20 12:03:08', '2023-05-20 12:03:08'),
(27, 'Mariana Bernhard MD', 'oconner.juvenal@example.net', '5TIJZBA0Y2', 'lorine.west', 'student', NULL, NULL, 'http://localhost/global_assets/images/user.png', NULL, NULL, NULL, NULL, NULL, NULL, NULL, NULL, '$2y$10$wph8DEo30BfQF7CkZjwfIeBrhzONZXTxBajrl6orvrgutxjduBo5W', 'Rrre9q09rp', '2023-05-20 12:03:08', '2023-05-20 12:03:08'),
(28, 'Dejon Braun', 'mozell.osinski@example.com', 'HBPUGCVFRW', 'terry.gregorio', 'student', NULL, NULL, 'http://localhost/global_assets/images/user.png', NULL, NULL, NULL, NULL, NULL, NULL, NULL, NULL, '$2y$10$f64qBX1mZ1ZXhd/TbC2X4.FcX46Y7ySFpvuYcLymzofj5m1aVx4ki', 'JTHqDFWjWg', '2023-05-20 12:03:09', '2023-05-20 12:03:09'),
(29, 'Verlie Ullrich', 'ujacobson@example.com', 'Q6GKTK9WTO', 'chance56', 'student', NULL, NULL, 'http://localhost/global_assets/images/user.png', NULL, NULL, NULL, NULL, NULL, NULL, NULL, NULL, '$2y$10$f64qBX1mZ1ZXhd/TbC2X4.FcX46Y7ySFpvuYcLymzofj5m1aVx4ki', 'JTGuAnphNF', '2023-05-20 12:03:09', '2023-05-20 12:03:09'),
(30, 'Jimmy Wisozk', 'ned.stamm@example.org', '2K1AJ911AQ', 'kurt70', 'student', NULL, NULL, 'http://localhost/global_assets/images/user.png', NULL, NULL, NULL, NULL, NULL, NULL, NULL, NULL, '$2y$10$f64qBX1mZ1ZXhd/TbC2X4.FcX46Y7ySFpvuYcLymzofj5m1aVx4ki', 'wEZlDUrUxn', '2023-05-20 12:03:09', '2023-05-20 12:03:09'),
(31, 'Furman Schultz', 'nquigley@example.org', 'HOB3EQGOAX', 'kkunde', 'student', NULL, NULL, 'http://localhost/global_assets/images/user.png', NULL, NULL, NULL, NULL, NULL, NULL, NULL, NULL, '$2y$10$MbGQ/RoIU3ve.PaPuJi/6.ZJQ/RhxtuUAlvC3MzTPMeqXJVLtXphO', 'wst02pgqqp', '2023-05-20 12:03:09', '2023-05-20 12:03:09'),
(32, 'Juliet Crona', 'ugleichner@example.com', 'DD756MYOBH', 'nash82', 'student', NULL, NULL, 'http://localhost/global_assets/images/user.png', NULL, NULL, NULL, NULL, NULL, NULL, NULL, NULL, '$2y$10$MbGQ/RoIU3ve.PaPuJi/6.ZJQ/RhxtuUAlvC3MzTPMeqXJVLtXphO', 'aOUkrdrEMY', '2023-05-20 12:03:09', '2023-05-20 12:03:09'),
(33, 'Dr. Christop Bechtelar', 'idaugherty@example.net', 'HILJVBO4YZ', 'sruecker', 'student', NULL, NULL, 'http://localhost/global_assets/images/user.png', NULL, NULL, NULL, NULL, NULL, NULL, NULL, NULL, '$2y$10$MbGQ/RoIU3ve.PaPuJi/6.ZJQ/RhxtuUAlvC3MzTPMeqXJVLtXphO', 'sGA6nkxpV9', '2023-05-20 12:03:09', '2023-05-20 12:03:09'),
(34, 'Hertha Windler', 'shany24@example.org', 'IKG6FBNCLG', 'ignatius.spencer', 'student', NULL, NULL, 'http://localhost/global_assets/images/user.png', NULL, NULL, NULL, NULL, NULL, NULL, NULL, NULL, '$2y$10$jvwABcvuoVkScYZKqn.LHuguQZjFRxhRa3Q7SR8.5ClW1PREwU8hO', 'WBPlvEi2ym', '2023-05-20 12:03:09', '2023-05-20 12:03:09'),
(35, 'Jarrod Reilly', 'hschiller@example.org', '72HXD3DSGS', 'bschinner', 'student', NULL, NULL, 'http://localhost/global_assets/images/user.png', NULL, NULL, NULL, NULL, NULL, NULL, NULL, NULL, '$2y$10$jvwABcvuoVkScYZKqn.LHuguQZjFRxhRa3Q7SR8.5ClW1PREwU8hO', '4iiLEkzDzI', '2023-05-20 12:03:09', '2023-05-20 12:03:09'),
(36, 'Dr. Nathan Corkery', 'kelvin04@example.com', 'RE42GIVAEP', 'ogreenholt', 'student', NULL, NULL, 'http://localhost/global_assets/images/user.png', NULL, NULL, NULL, NULL, NULL, NULL, NULL, NULL, '$2y$10$jvwABcvuoVkScYZKqn.LHuguQZjFRxhRa3Q7SR8.5ClW1PREwU8hO', 'PhcgtZs33n', '2023-05-20 12:03:09', '2023-05-20 12:03:09'),
(37, 'Mrs. Agnes Schneider', 'renee11@example.org', 'OQCI09ZCEV', 'bertram87', 'student', NULL, NULL, 'http://localhost/global_assets/images/user.png', NULL, NULL, NULL, NULL, NULL, NULL, NULL, NULL, '$2y$10$3ol96MIqLH1Y4kP1y5oR7uMCmlSuzmtzDGgWGFMQNHPslMh6ZRVju', 'sylRhFz1aU', '2023-05-20 12:03:10', '2023-05-20 12:03:10'),
(38, 'Estelle Padberg', 'jason63@example.org', 'THHUUTVQA7', 'rachael85', 'student', NULL, NULL, 'http://localhost/global_assets/images/user.png', NULL, NULL, NULL, NULL, NULL, NULL, NULL, NULL, '$2y$10$3ol96MIqLH1Y4kP1y5oR7uMCmlSuzmtzDGgWGFMQNHPslMh6ZRVju', '8K5ABLILMC', '2023-05-20 12:03:10', '2023-05-20 12:03:10'),
(39, 'Mr. Monserrate Aufderhar', 'abartoletti@example.com', '4UVP18Z6G0', 'britney.breitenberg', 'student', NULL, NULL, 'http://localhost/global_assets/images/user.png', NULL, NULL, NULL, NULL, NULL, NULL, NULL, NULL, '$2y$10$3ol96MIqLH1Y4kP1y5oR7uMCmlSuzmtzDGgWGFMQNHPslMh6ZRVju', '2PqxtNdA2I', '2023-05-20 12:03:10', '2023-05-20 12:03:10'),
(40, 'Bo Grady II', 'helen.rice@example.org', 'DJFD1NC1WM', 'frances97', 'student', NULL, 'Female', 'http://127.0.0.1:8000/storage/uploads/student/DJFD1NC1WM/photo.jpg', NULL, NULL, NULL, 2, 18, 3, 'sssssss', NULL, '$2y$10$pA5QPRbrQoL4jjIrbYCl9OncNn45n4yh/AbTcQC.2aIEqe6xzQRUq', 'NVk9a6IvdP', '2023-05-20 12:03:10', '2023-05-20 12:14:21'),
(41, 'Imelda Kutch', 'flavie.nikolaus@example.net', 'GLPYYS3FJG', 'alfredo.towne', 'student', NULL, NULL, 'http://localhost/global_assets/images/user.png', NULL, NULL, NULL, NULL, NULL, NULL, NULL, NULL, '$2y$10$pA5QPRbrQoL4jjIrbYCl9OncNn45n4yh/AbTcQC.2aIEqe6xzQRUq', 'hcEn08SAjG', '2023-05-20 12:03:10', '2023-05-20 12:03:10'),
(42, 'Ms. Magnolia Morissette', 'oberbrunner.chandler@example.com', 'D5RTF1QOOB', 'elmira69', 'student', NULL, NULL, 'http://localhost/global_assets/images/user.png', NULL, NULL, NULL, NULL, NULL, NULL, NULL, NULL, '$2y$10$pA5QPRbrQoL4jjIrbYCl9OncNn45n4yh/AbTcQC.2aIEqe6xzQRUq', '9bC94mEb2Y', '2023-05-20 12:03:10', '2023-05-20 12:03:10'),
(43, 'Dr. Gordon Osinski', 'eturcotte@example.net', 'XQ1RCOO5A9', 'stiedemann.fred', 'student', NULL, NULL, 'http://localhost/global_assets/images/user.png', NULL, NULL, NULL, NULL, NULL, NULL, NULL, NULL, '$2y$10$KmJzoG1Kfw9WScRNr/7WM.JMJPDJsHj3SlRolaoOihHGMAxGmmxJi', 'KXbyCkhVQT', '2023-05-20 12:03:10', '2023-05-20 12:03:10'),
(44, 'Tad Beahan', 'brigitte.farrell@example.net', 'VYLHZFBIXB', 'wkerluke', 'student', NULL, NULL, 'http://localhost/global_assets/images/user.png', NULL, NULL, NULL, NULL, NULL, NULL, NULL, NULL, '$2y$10$KmJzoG1Kfw9WScRNr/7WM.JMJPDJsHj3SlRolaoOihHGMAxGmmxJi', 'Wc5zBdQfyj', '2023-05-20 12:03:10', '2023-05-20 12:03:10'),
(45, 'Dr. Aracely Hauck', 'ttoy@example.com', 'BVCAMTNXXC', 'frippin', 'student', NULL, NULL, 'http://localhost/global_assets/images/user.png', NULL, NULL, NULL, NULL, NULL, NULL, NULL, NULL, '$2y$10$KmJzoG1Kfw9WScRNr/7WM.JMJPDJsHj3SlRolaoOihHGMAxGmmxJi', 'pPKRXA0b5f', '2023-05-20 12:03:10', '2023-05-20 12:03:10'),
(46, 'Mr. Micah Schneider', 'litzy.shanahan@example.com', 'N1UUS5SZBM', 'alva.okeefe', 'student', NULL, NULL, 'http://localhost/global_assets/images/user.png', NULL, NULL, NULL, NULL, NULL, NULL, NULL, NULL, '$2y$10$bSkAFtgoyeyEDBLImsH6k.YZMTGwtNSF.n1gcbPdj78YRwOq8nvcK', 'BJaaVnZdV9', '2023-05-20 12:03:11', '2023-05-20 12:03:11'),
(47, 'Dr. Hilbert Cormier PhD', 'dale34@example.org', 'M0UQ9P5TQ6', 'rickie.cronin', 'student', NULL, NULL, 'http://localhost/global_assets/images/user.png', NULL, NULL, NULL, NULL, NULL, NULL, NULL, NULL, '$2y$10$bSkAFtgoyeyEDBLImsH6k.YZMTGwtNSF.n1gcbPdj78YRwOq8nvcK', 'X9o7xDpc26', '2023-05-20 12:03:11', '2023-05-20 12:03:11'),
(48, 'Soledad Smith', 'luis68@example.net', 'K1QDRTMCME', 'vida41', 'student', NULL, NULL, 'http://localhost/global_assets/images/user.png', NULL, NULL, NULL, NULL, NULL, NULL, NULL, NULL, '$2y$10$bSkAFtgoyeyEDBLImsH6k.YZMTGwtNSF.n1gcbPdj78YRwOq8nvcK', 'Q8vsLnczZo', '2023-05-20 12:03:11', '2023-05-20 12:03:11'),
(49, 'Xander Douglas', 'lkilback@example.com', 'KA5AWDIUOG', 'mckayla54', 'student', NULL, NULL, 'http://localhost/global_assets/images/user.png', NULL, NULL, NULL, NULL, NULL, NULL, NULL, NULL, '$2y$10$MW7N/.P74AkDWufjjprP2OxjqJ9MAiJBrS91tFliRKxRo0GjR0NmW', 'nCA83oBzM8', '2023-05-20 12:03:11', '2023-05-20 12:03:11'),
(50, 'Lucio Brown', 'mabel46@example.net', 'HQOOFZP6OP', 'jamie45', 'student', NULL, NULL, 'http://localhost/global_assets/images/user.png', NULL, NULL, NULL, NULL, NULL, NULL, NULL, NULL, '$2y$10$MW7N/.P74AkDWufjjprP2OxjqJ9MAiJBrS91tFliRKxRo0GjR0NmW', 'KB69toy2Br', '2023-05-20 12:03:11', '2023-05-20 12:03:11'),
(51, 'Harley Terry', 'cyundt@example.org', 'ACFOZ6CGQJ', 'wleannon', 'student', NULL, NULL, 'http://localhost/global_assets/images/user.png', NULL, NULL, NULL, NULL, NULL, NULL, NULL, NULL, '$2y$10$MW7N/.P74AkDWufjjprP2OxjqJ9MAiJBrS91tFliRKxRo0GjR0NmW', 'XSB1TMas0E', '2023-05-20 12:03:11', '2023-05-20 12:03:11'),
(52, 'Benedict Waters', 'jodie.goyette@example.org', 'AXRDB5DXKN', 'qyundt', 'student', NULL, NULL, 'http://localhost/global_assets/images/user.png', NULL, NULL, NULL, NULL, NULL, NULL, NULL, NULL, '$2y$10$nTAOysuv3GsMYoLInqG1keHZMPeQVE9ut3SPaEvxVYOVskOCP6NoK', 'ak7Qn9Xmzw', '2023-05-20 12:03:11', '2023-05-20 12:03:11'),
(53, 'Winnifred Johns', 'price.lia@example.net', 'XQ9ATPBH2B', 'taurean.macejkovic', 'student', NULL, NULL, 'http://localhost/global_assets/images/user.png', NULL, NULL, NULL, NULL, NULL, NULL, NULL, NULL, '$2y$10$nTAOysuv3GsMYoLInqG1keHZMPeQVE9ut3SPaEvxVYOVskOCP6NoK', 'XJpNQsENlX', '2023-05-20 12:03:11', '2023-05-20 12:03:11'),
(54, 'Miss Zula Boyle', 'broderick51@example.com', 'IO2949YSSW', 'brigitte39', 'student', NULL, NULL, 'http://localhost/global_assets/images/user.png', NULL, NULL, NULL, NULL, NULL, NULL, NULL, NULL, '$2y$10$nTAOysuv3GsMYoLInqG1keHZMPeQVE9ut3SPaEvxVYOVskOCP6NoK', 'L1BoNyIdXE', '2023-05-20 12:03:11', '2023-05-20 12:03:11'),
(55, 'Shatha', 'admin@cj.com', 'MEZKJ0JJMT', 'shathamaher', 'admin', NULL, 'Female', 'http://127.0.0.1:8000/storage/uploads/admin/MEZKJ0JJMT/photo.jpg', '+2220258848', '+548455555', 5, 5, 91, 6, 'sssseeeeew', NULL, '$2y$10$8K6ksJlcrNuczz3JE/BFMOYnXtAFRG8oS9j.g7jGt59LbuMzmw4mi', NULL, '2023-06-17 12:51:49', '2023-06-17 12:51:49');

-- --------------------------------------------------------

--
-- بنية الجدول `user_types`
--

CREATE TABLE `user_types` (
  `id` int(10) UNSIGNED NOT NULL,
  `title` varchar(255) COLLATE utf8mb4_unicode_ci NOT NULL,
  `name` varchar(255) COLLATE utf8mb4_unicode_ci NOT NULL,
  `level` varchar(255) COLLATE utf8mb4_unicode_ci NOT NULL,
  `created_at` timestamp NULL DEFAULT NULL,
  `updated_at` timestamp NULL DEFAULT NULL
) ENGINE=InnoDB DEFAULT CHARSET=utf8mb4 COLLATE=utf8mb4_unicode_ci;

--
-- إرجاع أو استيراد بيانات الجدول `user_types`
--

INSERT INTO `user_types` (`id`, `title`, `name`, `level`, `created_at`, `updated_at`) VALUES
(1, 'accountant', 'Accountant', '5', NULL, NULL),
(2, 'parent', 'Parent', '4', NULL, NULL),
(3, 'teacher', 'Teacher', '3', NULL, NULL),
(4, 'admin', 'Admin', '2', NULL, NULL),
(5, 'super_admin', 'Super Admin', '1', NULL, NULL);

--
-- Indexes for dumped tables
--

--
-- Indexes for table `blood_groups`
--
ALTER TABLE `blood_groups`
  ADD PRIMARY KEY (`id`);

--
-- Indexes for table `books`
--
ALTER TABLE `books`
  ADD PRIMARY KEY (`id`),
  ADD KEY `books_my_class_id_foreign` (`my_class_id`);

--
-- Indexes for table `book_requests`
--
ALTER TABLE `book_requests`
  ADD PRIMARY KEY (`id`),
  ADD KEY `book_requests_book_id_foreign` (`book_id`),
  ADD KEY `book_requests_user_id_foreign` (`user_id`);

--
-- Indexes for table `class_types`
--
ALTER TABLE `class_types`
  ADD PRIMARY KEY (`id`);

--
-- Indexes for table `dorms`
--
ALTER TABLE `dorms`
  ADD PRIMARY KEY (`id`),
  ADD UNIQUE KEY `dorms_name_unique` (`name`);

--
-- Indexes for table `exams`
--
ALTER TABLE `exams`
  ADD PRIMARY KEY (`id`),
  ADD UNIQUE KEY `exams_term_year_unique` (`term`,`year`);

--
-- Indexes for table `exam_records`
--
ALTER TABLE `exam_records`
  ADD PRIMARY KEY (`id`),
  ADD KEY `exam_records_exam_id_foreign` (`exam_id`),
  ADD KEY `exam_records_my_class_id_foreign` (`my_class_id`),
  ADD KEY `exam_records_student_id_foreign` (`student_id`),
  ADD KEY `exam_records_section_id_foreign` (`section_id`);

--
-- Indexes for table `grades`
--
ALTER TABLE `grades`
  ADD PRIMARY KEY (`id`),
  ADD UNIQUE KEY `grades_name_class_type_id_remark_unique` (`name`,`class_type_id`,`remark`),
  ADD KEY `grades_class_type_id_foreign` (`class_type_id`);

--
-- Indexes for table `lgas`
--
ALTER TABLE `lgas`
  ADD PRIMARY KEY (`id`),
  ADD KEY `lgas_state_id_foreign` (`state_id`);

--
-- Indexes for table `marks`
--
ALTER TABLE `marks`
  ADD PRIMARY KEY (`id`),
  ADD KEY `marks_student_id_foreign` (`student_id`),
  ADD KEY `marks_my_class_id_foreign` (`my_class_id`),
  ADD KEY `marks_section_id_foreign` (`section_id`),
  ADD KEY `marks_subject_id_foreign` (`subject_id`),
  ADD KEY `marks_exam_id_foreign` (`exam_id`),
  ADD KEY `marks_grade_id_foreign` (`grade_id`);

--
-- Indexes for table `migrations`
--
ALTER TABLE `migrations`
  ADD PRIMARY KEY (`id`);

--
-- Indexes for table `my_classes`
--
ALTER TABLE `my_classes`
  ADD PRIMARY KEY (`id`),
  ADD UNIQUE KEY `my_classes_class_type_id_name_unique` (`class_type_id`,`name`);

--
-- Indexes for table `nationalities`
--
ALTER TABLE `nationalities`
  ADD PRIMARY KEY (`id`);

--
-- Indexes for table `password_resets`
--
ALTER TABLE `password_resets`
  ADD KEY `password_resets_email_index` (`email`);

--
-- Indexes for table `payments`
--
ALTER TABLE `payments`
  ADD PRIMARY KEY (`id`),
  ADD UNIQUE KEY `payments_ref_no_unique` (`ref_no`),
  ADD KEY `payments_my_class_id_foreign` (`my_class_id`);

--
-- Indexes for table `payment_records`
--
ALTER TABLE `payment_records`
  ADD PRIMARY KEY (`id`),
  ADD UNIQUE KEY `payment_records_ref_no_unique` (`ref_no`),
  ADD KEY `payment_records_payment_id_foreign` (`payment_id`),
  ADD KEY `payment_records_student_id_foreign` (`student_id`);

--
-- Indexes for table `pins`
--
ALTER TABLE `pins`
  ADD PRIMARY KEY (`id`),
  ADD UNIQUE KEY `pins_code_unique` (`code`),
  ADD KEY `pins_user_id_foreign` (`user_id`),
  ADD KEY `pins_student_id_foreign` (`student_id`);

--
-- Indexes for table `promotions`
--
ALTER TABLE `promotions`
  ADD PRIMARY KEY (`id`),
  ADD KEY `promotions_student_id_foreign` (`student_id`),
  ADD KEY `promotions_from_class_foreign` (`from_class`),
  ADD KEY `promotions_from_section_foreign` (`from_section`),
  ADD KEY `promotions_to_section_foreign` (`to_section`),
  ADD KEY `promotions_to_class_foreign` (`to_class`);

--
-- Indexes for table `receipts`
--
ALTER TABLE `receipts`
  ADD PRIMARY KEY (`id`),
  ADD KEY `receipts_pr_id_foreign` (`pr_id`);

--
-- Indexes for table `sections`
--
ALTER TABLE `sections`
  ADD PRIMARY KEY (`id`),
  ADD UNIQUE KEY `sections_name_my_class_id_unique` (`name`,`my_class_id`),
  ADD KEY `sections_my_class_id_foreign` (`my_class_id`),
  ADD KEY `sections_teacher_id_foreign` (`teacher_id`);

--
-- Indexes for table `settings`
--
ALTER TABLE `settings`
  ADD PRIMARY KEY (`id`);

--
-- Indexes for table `skills`
--
ALTER TABLE `skills`
  ADD PRIMARY KEY (`id`);

--
-- Indexes for table `staff_records`
--
ALTER TABLE `staff_records`
  ADD PRIMARY KEY (`id`),
  ADD UNIQUE KEY `staff_records_code_unique` (`code`),
  ADD KEY `staff_records_user_id_foreign` (`user_id`);

--
-- Indexes for table `states`
--
ALTER TABLE `states`
  ADD PRIMARY KEY (`id`);

--
-- Indexes for table `student_records`
--
ALTER TABLE `student_records`
  ADD PRIMARY KEY (`id`),
  ADD UNIQUE KEY `student_records_adm_no_unique` (`adm_no`),
  ADD KEY `student_records_user_id_foreign` (`user_id`),
  ADD KEY `student_records_my_class_id_foreign` (`my_class_id`),
  ADD KEY `student_records_section_id_foreign` (`section_id`),
  ADD KEY `student_records_my_parent_id_foreign` (`my_parent_id`),
  ADD KEY `student_records_dorm_id_foreign` (`dorm_id`);

--
-- Indexes for table `subjects`
--
ALTER TABLE `subjects`
  ADD PRIMARY KEY (`id`),
  ADD UNIQUE KEY `subjects_my_class_id_name_unique` (`my_class_id`,`name`),
  ADD KEY `subjects_teacher_id_foreign` (`teacher_id`);

--
-- Indexes for table `time_slots`
--
ALTER TABLE `time_slots`
  ADD PRIMARY KEY (`id`),
  ADD UNIQUE KEY `time_slots_timestamp_from_timestamp_to_ttr_id_unique` (`timestamp_from`,`timestamp_to`,`ttr_id`),
  ADD KEY `time_slots_ttr_id_foreign` (`ttr_id`);

--
-- Indexes for table `time_tables`
--
ALTER TABLE `time_tables`
  ADD PRIMARY KEY (`id`),
  ADD UNIQUE KEY `time_tables_ttr_id_ts_id_day_unique` (`ttr_id`,`ts_id`,`day`),
  ADD UNIQUE KEY `time_tables_ttr_id_ts_id_exam_date_unique` (`ttr_id`,`ts_id`,`exam_date`),
  ADD KEY `time_tables_ts_id_foreign` (`ts_id`),
  ADD KEY `time_tables_subject_id_foreign` (`subject_id`);

--
-- Indexes for table `time_table_records`
--
ALTER TABLE `time_table_records`
  ADD PRIMARY KEY (`id`),
  ADD UNIQUE KEY `time_table_records_name_unique` (`name`),
  ADD UNIQUE KEY `time_table_records_my_class_id_exam_id_year_unique` (`my_class_id`,`exam_id`,`year`),
  ADD KEY `time_table_records_exam_id_foreign` (`exam_id`);

--
-- Indexes for table `users`
--
ALTER TABLE `users`
  ADD PRIMARY KEY (`id`),
  ADD UNIQUE KEY `users_code_unique` (`code`),
  ADD UNIQUE KEY `users_email_unique` (`email`),
  ADD UNIQUE KEY `users_username_unique` (`username`),
  ADD KEY `users_state_id_foreign` (`state_id`),
  ADD KEY `users_lga_id_foreign` (`lga_id`),
  ADD KEY `users_bg_id_foreign` (`bg_id`),
  ADD KEY `users_nal_id_foreign` (`nal_id`);

--
-- Indexes for table `user_types`
--
ALTER TABLE `user_types`
  ADD PRIMARY KEY (`id`);

--
-- AUTO_INCREMENT for dumped tables
--

--
-- AUTO_INCREMENT for table `blood_groups`
--
ALTER TABLE `blood_groups`
  MODIFY `id` int(10) UNSIGNED NOT NULL AUTO_INCREMENT, AUTO_INCREMENT=9;

--
-- AUTO_INCREMENT for table `books`
--
ALTER TABLE `books`
  MODIFY `id` int(10) UNSIGNED NOT NULL AUTO_INCREMENT;

--
-- AUTO_INCREMENT for table `book_requests`
--
ALTER TABLE `book_requests`
  MODIFY `id` int(10) UNSIGNED NOT NULL AUTO_INCREMENT;

--
-- AUTO_INCREMENT for table `class_types`
--
ALTER TABLE `class_types`
  MODIFY `id` int(10) UNSIGNED NOT NULL AUTO_INCREMENT, AUTO_INCREMENT=7;

--
-- AUTO_INCREMENT for table `dorms`
--
ALTER TABLE `dorms`
  MODIFY `id` int(10) UNSIGNED NOT NULL AUTO_INCREMENT, AUTO_INCREMENT=6;

--
-- AUTO_INCREMENT for table `exams`
--
ALTER TABLE `exams`
  MODIFY `id` int(10) UNSIGNED NOT NULL AUTO_INCREMENT;

--
-- AUTO_INCREMENT for table `exam_records`
--
ALTER TABLE `exam_records`
  MODIFY `id` int(10) UNSIGNED NOT NULL AUTO_INCREMENT;

--
-- AUTO_INCREMENT for table `grades`
--
ALTER TABLE `grades`
  MODIFY `id` int(10) UNSIGNED NOT NULL AUTO_INCREMENT, AUTO_INCREMENT=7;

--
-- AUTO_INCREMENT for table `lgas`
--
ALTER TABLE `lgas`
  MODIFY `id` int(10) UNSIGNED NOT NULL AUTO_INCREMENT, AUTO_INCREMENT=775;

--
-- AUTO_INCREMENT for table `marks`
--
ALTER TABLE `marks`
  MODIFY `id` int(10) UNSIGNED NOT NULL AUTO_INCREMENT;

--
-- AUTO_INCREMENT for table `migrations`
--
ALTER TABLE `migrations`
  MODIFY `id` int(10) UNSIGNED NOT NULL AUTO_INCREMENT, AUTO_INCREMENT=30;

--
-- AUTO_INCREMENT for table `my_classes`
--
ALTER TABLE `my_classes`
  MODIFY `id` int(10) UNSIGNED NOT NULL AUTO_INCREMENT, AUTO_INCREMENT=11;

--
-- AUTO_INCREMENT for table `nationalities`
--
ALTER TABLE `nationalities`
  MODIFY `id` int(10) UNSIGNED NOT NULL AUTO_INCREMENT, AUTO_INCREMENT=194;

--
-- AUTO_INCREMENT for table `payments`
--
ALTER TABLE `payments`
  MODIFY `id` int(10) UNSIGNED NOT NULL AUTO_INCREMENT;

--
-- AUTO_INCREMENT for table `payment_records`
--
ALTER TABLE `payment_records`
  MODIFY `id` int(10) UNSIGNED NOT NULL AUTO_INCREMENT;

--
-- AUTO_INCREMENT for table `pins`
--
ALTER TABLE `pins`
  MODIFY `id` int(10) UNSIGNED NOT NULL AUTO_INCREMENT;

--
-- AUTO_INCREMENT for table `promotions`
--
ALTER TABLE `promotions`
  MODIFY `id` int(10) UNSIGNED NOT NULL AUTO_INCREMENT;

--
-- AUTO_INCREMENT for table `receipts`
--
ALTER TABLE `receipts`
  MODIFY `id` int(10) UNSIGNED NOT NULL AUTO_INCREMENT;

--
-- AUTO_INCREMENT for table `sections`
--
ALTER TABLE `sections`
  MODIFY `id` int(10) UNSIGNED NOT NULL AUTO_INCREMENT, AUTO_INCREMENT=13;

--
-- AUTO_INCREMENT for table `settings`
--
ALTER TABLE `settings`
  MODIFY `id` int(10) UNSIGNED NOT NULL AUTO_INCREMENT, AUTO_INCREMENT=20;

--
-- AUTO_INCREMENT for table `skills`
--
ALTER TABLE `skills`
  MODIFY `id` int(10) UNSIGNED NOT NULL AUTO_INCREMENT, AUTO_INCREMENT=15;

--
-- AUTO_INCREMENT for table `staff_records`
--
ALTER TABLE `staff_records`
  MODIFY `id` int(10) UNSIGNED NOT NULL AUTO_INCREMENT, AUTO_INCREMENT=2;

--
-- AUTO_INCREMENT for table `states`
--
ALTER TABLE `states`
  MODIFY `id` int(10) UNSIGNED NOT NULL AUTO_INCREMENT, AUTO_INCREMENT=38;

--
-- AUTO_INCREMENT for table `student_records`
--
ALTER TABLE `student_records`
  MODIFY `id` int(10) UNSIGNED NOT NULL AUTO_INCREMENT, AUTO_INCREMENT=38;

--
-- AUTO_INCREMENT for table `subjects`
--
ALTER TABLE `subjects`
  MODIFY `id` int(10) UNSIGNED NOT NULL AUTO_INCREMENT, AUTO_INCREMENT=21;

--
-- AUTO_INCREMENT for table `time_slots`
--
ALTER TABLE `time_slots`
  MODIFY `id` int(10) UNSIGNED NOT NULL AUTO_INCREMENT;

--
-- AUTO_INCREMENT for table `time_tables`
--
ALTER TABLE `time_tables`
  MODIFY `id` int(10) UNSIGNED NOT NULL AUTO_INCREMENT;

--
-- AUTO_INCREMENT for table `time_table_records`
--
ALTER TABLE `time_table_records`
  MODIFY `id` int(10) UNSIGNED NOT NULL AUTO_INCREMENT;

--
-- AUTO_INCREMENT for table `users`
--
ALTER TABLE `users`
  MODIFY `id` int(10) UNSIGNED NOT NULL AUTO_INCREMENT, AUTO_INCREMENT=56;

--
-- AUTO_INCREMENT for table `user_types`
--
ALTER TABLE `user_types`
  MODIFY `id` int(10) UNSIGNED NOT NULL AUTO_INCREMENT, AUTO_INCREMENT=6;

--
-- قيود الجداول المحفوظة
--

--
-- القيود للجدول `books`
--
ALTER TABLE `books`
  ADD CONSTRAINT `books_my_class_id_foreign` FOREIGN KEY (`my_class_id`) REFERENCES `my_classes` (`id`) ON DELETE CASCADE;

--
-- القيود للجدول `book_requests`
--
ALTER TABLE `book_requests`
  ADD CONSTRAINT `book_requests_book_id_foreign` FOREIGN KEY (`book_id`) REFERENCES `books` (`id`) ON DELETE CASCADE,
  ADD CONSTRAINT `book_requests_user_id_foreign` FOREIGN KEY (`user_id`) REFERENCES `users` (`id`) ON DELETE CASCADE;

--
-- القيود للجدول `exam_records`
--
ALTER TABLE `exam_records`
  ADD CONSTRAINT `exam_records_exam_id_foreign` FOREIGN KEY (`exam_id`) REFERENCES `exams` (`id`) ON DELETE CASCADE,
  ADD CONSTRAINT `exam_records_my_class_id_foreign` FOREIGN KEY (`my_class_id`) REFERENCES `my_classes` (`id`) ON DELETE CASCADE,
  ADD CONSTRAINT `exam_records_section_id_foreign` FOREIGN KEY (`section_id`) REFERENCES `sections` (`id`) ON DELETE CASCADE,
  ADD CONSTRAINT `exam_records_student_id_foreign` FOREIGN KEY (`student_id`) REFERENCES `users` (`id`) ON DELETE CASCADE;

--
-- القيود للجدول `grades`
--
ALTER TABLE `grades`
  ADD CONSTRAINT `grades_class_type_id_foreign` FOREIGN KEY (`class_type_id`) REFERENCES `class_types` (`id`) ON DELETE CASCADE;

--
-- القيود للجدول `lgas`
--
ALTER TABLE `lgas`
  ADD CONSTRAINT `lgas_state_id_foreign` FOREIGN KEY (`state_id`) REFERENCES `states` (`id`) ON DELETE CASCADE;

--
-- القيود للجدول `marks`
--
ALTER TABLE `marks`
  ADD CONSTRAINT `marks_exam_id_foreign` FOREIGN KEY (`exam_id`) REFERENCES `exams` (`id`) ON DELETE CASCADE,
  ADD CONSTRAINT `marks_grade_id_foreign` FOREIGN KEY (`grade_id`) REFERENCES `grades` (`id`) ON DELETE SET NULL,
  ADD CONSTRAINT `marks_my_class_id_foreign` FOREIGN KEY (`my_class_id`) REFERENCES `my_classes` (`id`) ON DELETE CASCADE,
  ADD CONSTRAINT `marks_section_id_foreign` FOREIGN KEY (`section_id`) REFERENCES `sections` (`id`) ON DELETE CASCADE,
  ADD CONSTRAINT `marks_student_id_foreign` FOREIGN KEY (`student_id`) REFERENCES `users` (`id`) ON DELETE CASCADE,
  ADD CONSTRAINT `marks_subject_id_foreign` FOREIGN KEY (`subject_id`) REFERENCES `subjects` (`id`) ON DELETE CASCADE;

--
-- القيود للجدول `my_classes`
--
ALTER TABLE `my_classes`
  ADD CONSTRAINT `my_classes_class_type_id_foreign` FOREIGN KEY (`class_type_id`) REFERENCES `class_types` (`id`) ON DELETE SET NULL;

--
-- القيود للجدول `payments`
--
ALTER TABLE `payments`
  ADD CONSTRAINT `payments_my_class_id_foreign` FOREIGN KEY (`my_class_id`) REFERENCES `my_classes` (`id`) ON DELETE CASCADE;

--
-- القيود للجدول `payment_records`
--
ALTER TABLE `payment_records`
  ADD CONSTRAINT `payment_records_payment_id_foreign` FOREIGN KEY (`payment_id`) REFERENCES `payments` (`id`) ON DELETE CASCADE,
  ADD CONSTRAINT `payment_records_student_id_foreign` FOREIGN KEY (`student_id`) REFERENCES `users` (`id`) ON DELETE CASCADE;

--
-- القيود للجدول `pins`
--
ALTER TABLE `pins`
  ADD CONSTRAINT `pins_student_id_foreign` FOREIGN KEY (`student_id`) REFERENCES `users` (`id`) ON DELETE CASCADE,
  ADD CONSTRAINT `pins_user_id_foreign` FOREIGN KEY (`user_id`) REFERENCES `users` (`id`) ON DELETE CASCADE;

--
-- القيود للجدول `promotions`
--
ALTER TABLE `promotions`
  ADD CONSTRAINT `promotions_from_class_foreign` FOREIGN KEY (`from_class`) REFERENCES `my_classes` (`id`) ON DELETE CASCADE,
  ADD CONSTRAINT `promotions_from_section_foreign` FOREIGN KEY (`from_section`) REFERENCES `sections` (`id`) ON DELETE CASCADE,
  ADD CONSTRAINT `promotions_student_id_foreign` FOREIGN KEY (`student_id`) REFERENCES `users` (`id`) ON DELETE CASCADE,
  ADD CONSTRAINT `promotions_to_class_foreign` FOREIGN KEY (`to_class`) REFERENCES `my_classes` (`id`) ON DELETE CASCADE,
  ADD CONSTRAINT `promotions_to_section_foreign` FOREIGN KEY (`to_section`) REFERENCES `sections` (`id`) ON DELETE CASCADE;

--
-- القيود للجدول `receipts`
--
ALTER TABLE `receipts`
  ADD CONSTRAINT `receipts_pr_id_foreign` FOREIGN KEY (`pr_id`) REFERENCES `payment_records` (`id`) ON DELETE CASCADE;

--
-- القيود للجدول `sections`
--
ALTER TABLE `sections`
  ADD CONSTRAINT `sections_my_class_id_foreign` FOREIGN KEY (`my_class_id`) REFERENCES `my_classes` (`id`) ON DELETE CASCADE,
  ADD CONSTRAINT `sections_teacher_id_foreign` FOREIGN KEY (`teacher_id`) REFERENCES `users` (`id`) ON DELETE SET NULL;

--
-- القيود للجدول `staff_records`
--
ALTER TABLE `staff_records`
  ADD CONSTRAINT `staff_records_user_id_foreign` FOREIGN KEY (`user_id`) REFERENCES `users` (`id`) ON DELETE CASCADE;

--
-- القيود للجدول `student_records`
--
ALTER TABLE `student_records`
  ADD CONSTRAINT `student_records_dorm_id_foreign` FOREIGN KEY (`dorm_id`) REFERENCES `dorms` (`id`) ON DELETE SET NULL,
  ADD CONSTRAINT `student_records_my_class_id_foreign` FOREIGN KEY (`my_class_id`) REFERENCES `my_classes` (`id`) ON DELETE CASCADE,
  ADD CONSTRAINT `student_records_my_parent_id_foreign` FOREIGN KEY (`my_parent_id`) REFERENCES `users` (`id`) ON DELETE SET NULL,
  ADD CONSTRAINT `student_records_section_id_foreign` FOREIGN KEY (`section_id`) REFERENCES `sections` (`id`) ON DELETE CASCADE,
  ADD CONSTRAINT `student_records_user_id_foreign` FOREIGN KEY (`user_id`) REFERENCES `users` (`id`) ON DELETE CASCADE;

--
-- القيود للجدول `subjects`
--
ALTER TABLE `subjects`
  ADD CONSTRAINT `subjects_my_class_id_foreign` FOREIGN KEY (`my_class_id`) REFERENCES `my_classes` (`id`) ON DELETE CASCADE,
  ADD CONSTRAINT `subjects_teacher_id_foreign` FOREIGN KEY (`teacher_id`) REFERENCES `users` (`id`);

--
-- القيود للجدول `time_slots`
--
ALTER TABLE `time_slots`
  ADD CONSTRAINT `time_slots_ttr_id_foreign` FOREIGN KEY (`ttr_id`) REFERENCES `time_table_records` (`id`) ON DELETE CASCADE;

--
-- القيود للجدول `time_tables`
--
ALTER TABLE `time_tables`
  ADD CONSTRAINT `time_tables_subject_id_foreign` FOREIGN KEY (`subject_id`) REFERENCES `subjects` (`id`) ON DELETE CASCADE,
  ADD CONSTRAINT `time_tables_ts_id_foreign` FOREIGN KEY (`ts_id`) REFERENCES `time_slots` (`id`) ON DELETE CASCADE,
  ADD CONSTRAINT `time_tables_ttr_id_foreign` FOREIGN KEY (`ttr_id`) REFERENCES `time_table_records` (`id`) ON DELETE CASCADE;

--
-- القيود للجدول `time_table_records`
--
ALTER TABLE `time_table_records`
  ADD CONSTRAINT `time_table_records_exam_id_foreign` FOREIGN KEY (`exam_id`) REFERENCES `exams` (`id`) ON DELETE CASCADE,
  ADD CONSTRAINT `time_table_records_my_class_id_foreign` FOREIGN KEY (`my_class_id`) REFERENCES `my_classes` (`id`) ON DELETE CASCADE;

--
-- القيود للجدول `users`
--
ALTER TABLE `users`
  ADD CONSTRAINT `users_bg_id_foreign` FOREIGN KEY (`bg_id`) REFERENCES `blood_groups` (`id`) ON DELETE SET NULL,
  ADD CONSTRAINT `users_lga_id_foreign` FOREIGN KEY (`lga_id`) REFERENCES `lgas` (`id`) ON DELETE SET NULL,
  ADD CONSTRAINT `users_nal_id_foreign` FOREIGN KEY (`nal_id`) REFERENCES `nationalities` (`id`) ON DELETE SET NULL,
  ADD CONSTRAINT `users_state_id_foreign` FOREIGN KEY (`state_id`) REFERENCES `states` (`id`) ON DELETE SET NULL;
COMMIT;

/*!40101 SET CHARACTER_SET_CLIENT=@OLD_CHARACTER_SET_CLIENT */;
/*!40101 SET CHARACTER_SET_RESULTS=@OLD_CHARACTER_SET_RESULTS */;
/*!40101 SET COLLATION_CONNECTION=@OLD_COLLATION_CONNECTION */;
